Pokedex Number,Name,Total,HP,Attack,Defense,Sp. Atk,Sp. Def,Speed,Legendary,Generation,Type 1,Type 2,Mega Evolution
1,Bulbasaur,318,45,49,49,65,65,45,False,1.0,Grass,Poison,False
2,Ivysaur,405,60,62,63,80,80,60,False,1.0,Grass,Poison,False
3,Venusaur,525,80,82,83,100,100,80,False,1.0,Grass,Poison,False
3,Mega Venusaur,625,80,100,123,122,120,80,False,1.0,Grass,Poison,True
4,Charmander,309,39,52,43,60,50,65,False,1.0,Fire,,False
5,Charmeleon,405,58,64,58,80,65,80,False,1.0,Fire,,False
6,Charizard,534,78,84,78,109,85,100,False,1.0,Fire,Flying,False
6,Mega Charizard X,634,78,130,111,130,85,100,False,1.0,Fire,Dragon,True
6,Mega Charizard Y,634,78,104,78,159,115,100,False,1.0,Fire,Flying,True
7,Squirtle,314,44,48,65,50,64,43,False,1.0,Water,,False
8,Wartortle,405,59,63,80,65,80,58,False,1.0,Water,,False
9,Blastoise,530,79,83,100,85,105,78,False,1.0,Water,,False
9,Mega Blastoise,630,79,103,120,135,115,78,False,1.0,Water,,True
10,Caterpie,195,45,30,35,20,20,45,False,1.0,Bug,,False
11,Metapod,205,50,20,55,25,25,30,False,1.0,Bug,,False
12,Butterfree,395,60,45,50,90,80,70,False,1.0,Bug,Flying,False
13,Weedle,195,40,35,30,20,20,50,False,1.0,Bug,Poison,False
14,Kakuna,205,45,25,50,25,25,35,False,1.0,Bug,Poison,False
15,Beedrill,395,65,90,40,45,80,75,False,1.0,Bug,Poison,False
15,Mega Beedrill,495,65,150,40,15,80,145,False,1.0,Bug,Poison,True
16,Pidgey,251,40,45,40,35,35,56,False,1.0,Normal,Flying,False
17,Pidgeotto,349,63,60,55,50,50,71,False,1.0,Normal,Flying,False
18,Pidgeot,479,83,80,75,70,70,101,False,1.0,Normal,Flying,False
18,Mega Pidgeot,579,83,80,80,135,80,121,False,1.0,Normal,Flying,True
19,Rattata,253,30,56,35,25,35,72,False,1.0,Normal,,False
19,Alolan Rattata,253,30,56,35,25,35,72,False,1.0,Dark,Normal,False
20,Raticate,413,55,81,60,50,70,97,False,1.0,Normal,,False
20,Alolan Raticate,413,75,71,70,40,80,77,False,1.0,Dark,Normal,False
21,Spearow,262,40,60,30,31,31,70,False,1.0,Normal,Flying,False
22,Fearow,442,65,90,65,61,61,100,False,1.0,Normal,Flying,False
23,Ekans,288,35,60,44,40,54,55,False,1.0,Poison,,False
24,Arbok,448,60,95,69,65,79,80,False,1.0,Poison,,False
25,Pikachu,320,35,55,40,50,50,90,False,1.0,Electric,,False
25,Partner Pikachu,430,45,80,50,75,60,120,False,1.0,Electric,,False
26,Raichu,485,60,90,55,90,80,110,False,1.0,Electric,,False
26,Alolan Raichu,485,60,85,50,95,85,110,False,1.0,Electric,Psychic,False
27,Sandshrew,300,50,75,85,20,30,40,False,1.0,Ground,,False
27,Alolan Sandshrew,300,50,75,90,10,35,40,False,1.0,Ice,Steel,False
28,Sandslash,450,75,100,110,45,55,65,False,1.0,Ground,,False
28,Alolan Sandslash,450,75,100,120,25,65,65,False,1.0,Ice,Steel,False
29,Nidoran♀,275,55,47,52,40,40,41,False,1.0,Poison,,False
30,Nidorina,365,70,62,67,55,55,56,False,1.0,Poison,,False
31,Nidoqueen,505,90,92,87,75,85,76,False,1.0,Poison,Ground,False
32,Nidoran♂,273,46,57,40,40,40,50,False,1.0,Poison,,False
33,Nidorino,365,61,72,57,55,55,65,False,1.0,Poison,,False
34,Nidoking,505,81,102,77,85,75,85,False,1.0,Poison,Ground,False
35,Clefairy,323,70,45,48,60,65,35,False,1.0,Fairy,,False
36,Clefable,483,95,70,73,95,90,60,False,1.0,Fairy,,False
37,Vulpix,299,38,41,40,50,65,65,False,1.0,Fire,,False
37,Alolan Vulpix,299,38,41,40,50,65,65,False,1.0,Ice,,False
38,Ninetales,505,73,76,75,81,100,100,False,1.0,Fire,,False
38,Alolan Ninetales,505,73,67,75,81,100,109,False,1.0,Ice,Fairy,False
39,Jigglypuff,270,115,45,20,45,25,20,False,1.0,Normal,Fairy,False
40,Wigglytuff,435,140,70,45,85,50,45,False,1.0,Normal,Fairy,False
41,Zubat,245,40,45,35,30,40,55,False,1.0,Poison,Flying,False
42,Golbat,455,75,80,70,65,75,90,False,1.0,Poison,Flying,False
43,Oddish,320,45,50,55,75,65,30,False,1.0,Grass,Poison,False
44,Gloom,395,60,65,70,85,75,40,False,1.0,Grass,Poison,False
45,Vileplume,490,75,80,85,110,90,50,False,1.0,Grass,Poison,False
46,Paras,285,35,70,55,45,55,25,False,1.0,Bug,Grass,False
47,Parasect,405,60,95,80,60,80,30,False,1.0,Bug,Grass,False
48,Venonat,305,60,55,50,40,55,45,False,1.0,Bug,Poison,False
49,Venomoth,450,70,65,60,90,75,90,False,1.0,Bug,Poison,False
50,Diglett,265,10,55,25,35,45,95,False,1.0,Ground,,False
50,Alolan Diglett,265,10,55,30,35,45,90,False,1.0,Ground,Steel,False
51,Dugtrio,425,35,100,50,50,70,120,False,1.0,Ground,,False
51,Alolan Dugtrio,425,35,100,60,50,70,110,False,1.0,Ground,Steel,False
52,Meowth,290,40,45,35,40,40,90,False,1.0,Normal,,False
52,Alolan Meowth,290,40,35,35,50,40,90,False,1.0,Dark,,False
52,Galarian Meowth,290,50,65,55,40,40,40,False,1.0,Steel,,False
53,Persian,440,65,70,60,65,65,115,False,1.0,Normal,,False
53,Alolan Persian,440,65,60,60,75,65,115,False,1.0,Dark,,False
54,Psyduck,320,50,52,48,65,50,55,False,1.0,Water,,False
55,Golduck,500,80,82,78,95,80,85,False,1.0,Water,,False
56,Mankey,305,40,80,35,35,45,70,False,1.0,Fighting,,False
57,Primeape,455,65,105,60,60,70,95,False,1.0,Fighting,,False
58,Growlithe,350,55,70,45,70,50,60,False,1.0,Fire,,False
58,Hisuian Growlithe,350,60,75,45,65,50,55,False,1.0,Fire,Rock,False
59,Arcanine,555,90,110,80,100,80,95,False,1.0,Fire,,False
59,Hisuian Arcanine,555,95,115,80,95,80,90,False,1.0,Fire,Rock,False
60,Poliwag,300,40,50,40,40,40,90,False,1.0,Water,,False
61,Poliwhirl,385,65,65,65,50,50,90,False,1.0,Water,,False
62,Poliwrath,510,90,95,95,70,90,70,False,1.0,Water,Fighting,False
63,Abra,310,25,20,15,105,55,90,False,1.0,Psychic,,False
64,Kadabra,400,40,35,30,120,70,105,False,1.0,Psychic,,False
65,Alakazam,500,55,50,45,135,95,120,False,1.0,Psychic,,False
65,Mega Alakazam,600,55,50,65,175,105,150,False,1.0,Psychic,,True
66,Machop,305,70,80,50,35,35,35,False,1.0,Fighting,,False
67,Machoke,405,80,100,70,50,60,45,False,1.0,Fighting,,False
68,Machamp,505,90,130,80,65,85,55,False,1.0,Fighting,,False
69,Bellsprout,300,50,75,35,70,30,40,False,1.0,Grass,Poison,False
70,Weepinbell,390,65,90,50,85,45,55,False,1.0,Grass,Poison,False
71,Victreebel,490,80,105,65,100,70,70,False,1.0,Grass,Poison,False
72,Tentacool,335,40,40,35,50,100,70,False,1.0,Water,Poison,False
73,Tentacruel,515,80,70,65,80,120,100,False,1.0,Water,Poison,False
74,Geodude,300,40,80,100,30,30,20,False,1.0,Rock,Ground,False
74,Alolan Geodude,300,40,80,100,30,30,20,False,1.0,Rock,Electric,False
75,Graveler,390,55,95,115,45,45,35,False,1.0,Rock,Ground,False
75,Alolan Graveler,390,55,95,115,45,45,35,False,1.0,Rock,Electric,False
76,Golem,495,80,120,130,55,65,45,False,1.0,Rock,Ground,False
76,Alolan Golem,495,80,120,130,55,65,45,False,1.0,Rock,Electric,False
77,Ponyta,410,50,85,55,65,65,90,False,1.0,Fire,,False
77,Galarian Ponyta,410,50,85,55,65,65,90,False,1.0,Psychic,,False
78,Rapidash,500,65,100,70,80,80,105,False,1.0,Fire,,False
78,Galarian Rapidash,500,65,100,70,80,80,105,False,1.0,Psychic,Fairy,False
79,Slowpoke,315,90,65,65,40,40,15,False,1.0,Water,Psychic,False
79,Galarian Slowpoke,315,90,65,65,40,40,15,False,1.0,Psychic,,False
80,Slowbro,490,95,75,110,100,80,30,False,1.0,Water,Psychic,False
80,Mega Slowbro,590,95,75,180,130,80,30,False,1.0,Water,Psychic,True
80,Galarian Slowbro,490,95,100,95,100,70,30,False,1.0,Poison,Psychic,False
81,Magnemite,325,25,35,70,95,55,45,False,1.0,Electric,Steel,False
82,Magneton,465,50,60,95,120,70,70,False,1.0,Electric,Steel,False
83,Farfetch'd,377,52,90,55,58,62,60,False,1.0,Normal,Flying,False
83,Galarian Farfetch'd,377,52,95,55,58,62,55,False,1.0,Fighting,,False
84,Doduo,310,35,85,45,35,35,75,False,1.0,Normal,Flying,False
85,Dodrio,470,60,110,70,60,60,110,False,1.0,Normal,Flying,False
86,Seel,325,65,45,55,45,70,45,False,1.0,Water,,False
87,Dewgong,475,90,70,80,70,95,70,False,1.0,Water,Ice,False
88,Grimer,325,80,80,50,40,50,25,False,1.0,Poison,,False
88,Alolan Grimer,325,80,80,50,40,50,25,False,1.0,Poison,Dark,False
89,Muk,500,105,105,75,65,100,50,False,1.0,Poison,,False
89,Alolan Muk,500,105,105,75,65,100,50,False,1.0,Poison,Dark,False
90,Shellder,305,30,65,100,45,25,40,False,1.0,Water,,False
91,Cloyster,525,50,95,180,85,45,70,False,1.0,Water,Ice,False
92,Gastly,310,30,35,30,100,35,80,False,1.0,Ghost,Poison,False
93,Haunter,405,45,50,45,115,55,95,False,1.0,Ghost,Poison,False
94,Gengar,500,60,65,60,130,75,110,False,1.0,Ghost,Poison,False
94,Mega Gengar,600,60,65,80,170,95,130,False,1.0,Ghost,Poison,True
95,Onix,385,35,45,160,30,45,70,False,1.0,Rock,Ground,False
96,Drowzee,328,60,48,45,43,90,42,False,1.0,Psychic,,False
97,Hypno,483,85,73,70,73,115,67,False,1.0,Psychic,,False
98,Krabby,325,30,105,90,25,25,50,False,1.0,Water,,False
99,Kingler,475,55,130,115,50,50,75,False,1.0,Water,,False
100,Voltorb,330,40,30,50,55,55,100,False,1.0,Electric,,False
100,Hisuian Voltorb,330,40,30,50,55,55,100,False,1.0,Electric,Grass,False
101,Electrode,490,60,50,70,80,80,150,False,1.0,Electric,,False
101,Hisuian Electrode,490,60,50,70,80,80,150,False,1.0,Electric,Grass,False
102,Exeggcute,325,60,40,80,60,45,40,False,1.0,Grass,Psychic,False
103,Exeggutor,530,95,95,85,125,75,55,False,1.0,Grass,Psychic,False
103,Alolan Exeggutor,530,95,105,85,125,75,45,False,1.0,Grass,Dragon,False
104,Cubone,320,50,50,95,40,50,35,False,1.0,Ground,,False
105,Marowak,425,60,80,110,50,80,45,False,1.0,Ground,,False
105,Alolan Marowak,425,60,80,110,50,80,45,False,1.0,Fire,Ghost,False
106,Hitmonlee,455,50,120,53,35,110,87,False,1.0,Fighting,,False
107,Hitmonchan,455,50,105,79,35,110,76,False,1.0,Fighting,,False
108,Lickitung,385,90,55,75,60,75,30,False,1.0,Normal,,False
109,Koffing,340,40,65,95,60,45,35,False,1.0,Poison,,False
110,Weezing,490,65,90,120,85,70,60,False,1.0,Poison,,False
110,Galarian Weezing,490,65,90,120,85,70,60,False,1.0,Poison,Fairy,False
111,Rhyhorn,345,80,85,95,30,30,25,False,1.0,Ground,Rock,False
112,Rhydon,485,105,130,120,45,45,40,False,1.0,Ground,Rock,False
113,Chansey,450,250,5,5,35,105,50,False,1.0,Normal,,False
114,Tangela,435,65,55,115,100,40,60,False,1.0,Grass,,False
115,Kangaskhan,490,105,95,80,40,80,90,False,1.0,Normal,,False
115,Mega Kangaskhan,590,105,125,100,60,100,100,False,1.0,Normal,,True
116,Horsea,295,30,40,70,70,25,60,False,1.0,Water,,False
117,Seadra,440,55,65,95,95,45,85,False,1.0,Water,,False
118,Goldeen,320,45,67,60,35,50,63,False,1.0,Water,,False
119,Seaking,450,80,92,65,65,80,68,False,1.0,Water,,False
120,Staryu,340,30,45,55,70,55,85,False,1.0,Water,,False
121,Starmie,520,60,75,85,100,85,115,False,1.0,Water,Psychic,False
122,Mr. Mime,460,40,45,65,100,120,90,False,1.0,Psychic,Fairy,False
122,Galarian Mr. Mime,460,50,65,65,90,90,100,False,1.0,Ice,Psychic,False
123,Scyther,500,70,110,80,55,80,105,False,1.0,Bug,Flying,False
124,Jynx,455,65,50,35,115,95,95,False,1.0,Ice,Psychic,False
125,Electabuzz,490,65,83,57,95,85,105,False,1.0,Electric,,False
126,Magmar,495,65,95,57,100,85,93,False,1.0,Fire,,False
127,Pinsir,500,65,125,100,55,70,85,False,1.0,Bug,,False
127,Mega Pinsir,600,65,155,120,65,90,105,False,1.0,Bug,Flying,True
128,Tauros,490,75,100,95,40,70,110,False,1.0,Normal,,False
128,Tauros Combat Breed,490,75,110,105,30,70,100,False,1.0,Fighting,,False
128,Tauros Blaze Breed,490,75,110,105,30,70,100,False,1.0,Fighting,Fire,False
128,Tauros Aqua Breed,490,75,110,105,30,70,100,False,1.0,Fighting,Water,False
129,Magikarp,200,20,10,55,15,20,80,False,1.0,Water,,False
130,Gyarados,540,95,125,79,60,100,81,False,1.0,Water,Flying,False
130,Mega Gyarados,640,95,155,109,70,130,81,False,1.0,Water,Dark,True
131,Lapras,535,130,85,80,85,95,60,False,1.0,Water,Ice,False
132,Ditto,288,48,48,48,48,48,48,False,1.0,Normal,,False
133,Eevee,325,55,55,50,45,65,55,False,1.0,Normal,,False
133,Partner Eevee,435,65,75,70,65,85,75,False,1.0,Normal,,False
134,Vaporeon,525,130,65,60,110,95,65,False,1.0,Water,,False
135,Jolteon,525,65,65,60,110,95,130,False,1.0,Electric,,False
136,Flareon,525,65,130,60,95,110,65,False,1.0,Fire,,False
137,Porygon,395,65,60,70,85,75,40,False,1.0,Normal,,False
138,Omanyte,355,35,40,100,90,55,35,False,1.0,Rock,Water,False
139,Omastar,495,70,60,125,115,70,55,False,1.0,Rock,Water,False
140,Kabuto,355,30,80,90,55,45,55,False,1.0,Rock,Water,False
141,Kabutops,495,60,115,105,65,70,80,False,1.0,Rock,Water,False
142,Aerodactyl,515,80,105,65,60,75,130,False,1.0,Rock,Flying,False
142,Mega Aerodactyl,615,80,135,85,70,95,150,False,1.0,Rock,Flying,True
143,Snorlax,540,160,110,65,65,110,30,False,1.0,Normal,,False
144,Articuno,580,90,85,100,95,125,85,True,1.0,Ice,Flying,False
144,Galarian Articuno,580,90,85,85,125,100,95,True,1.0,Psychic,Flying,False
145,Zapdos,580,90,90,85,125,90,100,True,1.0,Electric,Flying,False
145,Galarian Zapdos,580,90,125,90,85,90,100,True,1.0,Fighting,Flying,False
146,Moltres,580,90,100,90,125,85,90,True,1.0,Fire,Flying,False
146,Galarian Moltres,580,90,85,90,100,125,90,True,1.0,Dark,Flying,False
147,Dratini,300,41,64,45,50,50,50,False,1.0,Dragon,,False
148,Dragonair,420,61,84,65,70,70,70,False,1.0,Dragon,,False
149,Dragonite,600,91,134,95,100,100,80,False,1.0,Dragon,Flying,False
150,Mewtwo,680,106,110,90,154,90,130,True,1.0,Psychic,,False
150,Mega Mewtwo X,780,106,190,100,154,100,130,True,1.0,Psychic,Fighting,True
150,Mega Mewtwo Y,780,106,150,70,194,120,140,True,1.0,Psychic,,True
151,Mew,600,100,100,100,100,100,100,True,1.0,Psychic,,False
152,Chikorita,318,45,49,65,49,65,45,False,2.0,Grass,,False
153,Bayleef,405,60,62,80,63,80,60,False,2.0,Grass,,False
154,Meganium,525,80,82,100,83,100,80,False,2.0,Grass,,True
155,Cyndaquil,309,39,52,43,60,50,65,False,2.0,Fire,,False
156,Quilava,405,58,64,58,80,65,80,False,2.0,Fire,,False
157,Typhlosion,534,78,84,78,109,85,100,False,2.0,Fire,,False
157,Hisuian Typhlosion,534,73,84,78,119,85,95,False,2.0,Fire,Ghost,False
158,Totodile,314,50,65,64,44,48,43,False,2.0,Water,,False
159,Croconaw,405,65,80,80,59,63,58,False,2.0,Water,,False
160,Feraligatr,530,85,105,100,79,83,78,False,2.0,Water,,False
161,Sentret,215,35,46,34,35,45,20,False,2.0,Normal,,False
162,Furret,415,85,76,64,45,55,90,False,2.0,Normal,,False
163,Hoothoot,262,60,30,30,36,56,50,False,2.0,Normal,Flying,False
164,Noctowl,452,100,50,50,86,96,70,False,2.0,Normal,Flying,False
165,Ledyba,265,40,20,30,40,80,55,False,2.0,Bug,Flying,False
166,Ledian,390,55,35,50,55,110,85,False,2.0,Bug,Flying,False
167,Spinarak,250,40,60,40,40,40,30,False,2.0,Bug,Poison,False
168,Ariados,400,70,90,70,60,70,40,False,2.0,Bug,Poison,False
169,Crobat,535,85,90,80,70,80,130,False,2.0,Poison,Flying,False
170,Chinchou,330,75,38,38,56,56,67,False,2.0,Water,Electric,False
171,Lanturn,460,125,58,58,76,76,67,False,2.0,Water,Electric,False
172,Pichu,205,20,40,15,35,35,60,False,2.0,Electric,,False
173,Cleffa,218,50,25,28,45,55,15,False,2.0,Fairy,,False
174,Igglybuff,210,90,30,15,40,20,15,False,2.0,Normal,Fairy,False
175,Togepi,245,35,20,65,40,65,20,False,2.0,Fairy,,False
176,Togetic,405,55,40,85,80,105,40,False,2.0,Fairy,Flying,False
177,Natu,320,40,50,45,70,45,70,False,2.0,Psychic,Flying,False
178,Xatu,470,65,75,70,95,70,95,False,2.0,Psychic,Flying,False
179,Mareep,280,55,40,40,65,45,35,False,2.0,Electric,,False
180,Flaaffy,365,70,55,55,80,60,45,False,2.0,Electric,,False
181,Ampharos,510,90,75,85,115,90,55,False,2.0,Electric,,False
181,Mega Ampharos,610,90,95,105,165,110,45,False,2.0,Electric,Dragon,True
182,Bellossom,490,75,80,95,90,100,50,False,2.0,Grass,,False
183,Marill,250,70,20,50,20,50,40,False,2.0,Water,Fairy,False
184,Azumarill,420,100,50,80,60,80,50,False,2.0,Water,Fairy,False
185,Sudowoodo,410,70,100,115,30,65,30,False,2.0,Rock,,False
186,Politoed,500,90,75,75,90,100,70,False,2.0,Water,,False
187,Hoppip,250,35,35,40,35,55,50,False,2.0,Grass,Flying,False
188,Skiploom,340,55,45,50,45,65,80,False,2.0,Grass,Flying,False
189,Jumpluff,460,75,55,70,55,95,110,False,2.0,Grass,Flying,False
190,Aipom,360,55,70,55,40,55,85,False,2.0,Normal,,False
191,Sunkern,180,30,30,30,30,30,30,False,2.0,Grass,,False
192,Sunflora,425,75,75,55,105,85,30,False,2.0,Grass,,False
193,Yanma,390,65,65,45,75,45,95,False,2.0,Bug,Flying,False
194,Wooper,210,55,45,45,25,25,15,False,2.0,Water,Ground,False
194,Paldean Wooper,210,55,45,45,25,25,15,False,2.0,Poison,Ground,False
195,Quagsire,430,95,85,85,65,65,35,False,2.0,Water,Ground,False
196,Espeon,525,65,65,60,130,95,110,False,2.0,Psychic,,False
197,Umbreon,525,95,65,110,60,130,65,False,2.0,Dark,,False
198,Murkrow,405,60,85,42,85,42,91,False,2.0,Dark,Flying,False
199,Slowking,490,95,75,80,100,110,30,False,2.0,Water,Psychic,False
199,Galarian Slowking,490,95,65,80,110,110,30,False,2.0,Poison,Psychic,False
200,Misdreavus,435,60,60,60,85,85,85,False,2.0,Ghost,,False
201,Unown,336,48,72,48,72,48,48,False,2.0,Psychic,,False
202,Wobbuffet,405,190,33,58,33,58,33,False,2.0,Psychic,,False
203,Girafarig,455,70,80,65,90,65,85,False,2.0,Normal,Psychic,False
204,Pineco,290,50,65,90,35,35,15,False,2.0,Bug,,False
205,Forretress,465,75,90,140,60,60,40,False,2.0,Bug,Steel,False
206,Dunsparce,415,100,70,70,65,65,45,False,2.0,Normal,,False
207,Gligar,430,65,75,105,35,65,85,False,2.0,Ground,Flying,False
208,Steelix,510,75,85,200,55,65,30,False,2.0,Steel,Ground,False
208,Mega Steelix,610,75,125,230,55,95,30,False,2.0,Steel,Ground,True
209,Snubbull,300,60,80,50,40,40,30,False,2.0,Fairy,,False
210,Granbull,450,90,120,75,60,60,45,False,2.0,Fairy,,False
211,Qwilfish,440,65,95,85,55,55,85,False,2.0,Water,Poison,False
211,Hisuian Qwilfish,440,65,95,85,55,55,85,False,2.0,Dark,Poison,False
212,Scizor,500,70,130,100,55,80,65,False,2.0,Bug,Steel,False
212,Mega Scizor,600,70,150,140,65,100,75,False,2.0,Bug,Steel,True
213,Shuckle,505,20,10,230,10,230,5,False,2.0,Bug,Rock,False
214,Heracross,500,80,125,75,40,95,85,False,2.0,Bug,Fighting,False
214,Mega Heracross,600,80,185,115,40,105,75,False,2.0,Bug,Fighting,True
215,Sneasel,430,55,95,55,35,75,115,False,2.0,Dark,Ice,False
215,Hisuian Sneasel,430,55,95,55,35,75,115,False,2.0,Fighting,Poison,False
216,Teddiursa,330,60,80,50,50,50,40,False,2.0,Normal,,False
217,Ursaring,500,90,130,75,75,75,55,False,2.0,Normal,,False
218,Slugma,250,40,40,40,70,40,20,False,2.0,Fire,,False
219,Magcargo,430,60,50,120,90,80,30,False,2.0,Fire,Rock,False
220,Swinub,250,50,50,40,30,30,50,False,2.0,Ice,Ground,False
221,Piloswine,450,100,100,80,60,60,50,False,2.0,Ice,Ground,False
222,Corsola,410,65,55,95,65,95,35,False,2.0,Water,Rock,False
222,Galarian Corsola,410,60,55,100,65,100,30,False,2.0,Ghost,,False
223,Remoraid,300,35,65,35,65,35,65,False,2.0,Water,,False
224,Octillery,480,75,105,75,105,75,45,False,2.0,Water,,False
225,Delibird,330,45,55,45,65,45,75,False,2.0,Ice,Flying,False
226,Mantine,485,85,40,70,80,140,70,False,2.0,Water,Flying,False
227,Skarmory,465,65,80,140,40,70,70,False,2.0,Steel,Flying,False
228,Houndour,330,45,60,30,80,50,65,False,2.0,Dark,Fire,False
229,Houndoom,500,75,90,50,110,80,95,False,2.0,Dark,Fire,False
229,Mega Houndoom,600,75,90,90,140,90,115,False,2.0,Dark,Fire,True
230,Kingdra,540,75,95,95,95,95,85,False,2.0,Water,Dragon,False
231,Phanpy,330,90,60,60,40,40,40,False,2.0,Ground,,False
232,Donphan,500,90,120,120,60,60,50,False,2.0,Ground,,False
233,Porygon2,515,85,80,90,105,95,60,False,2.0,Normal,,False
234,Stantler,465,73,95,62,85,65,85,False,2.0,Normal,,False
235,Smeargle,250,55,20,35,20,45,75,False,2.0,Normal,,False
236,Tyrogue,210,35,35,35,35,35,35,False,2.0,Fighting,,False
237,Hitmontop,455,50,95,95,35,110,70,False,2.0,Fighting,,False
238,Smoochum,305,45,30,15,85,65,65,False,2.0,Ice,Psychic,False
239,Elekid,360,45,63,37,65,55,95,False,2.0,Electric,,False
240,Magby,365,45,75,37,70,55,83,False,2.0,Fire,,False
241,Miltank,490,95,80,105,40,70,100,False,2.0,Normal,,False
242,Blissey,540,255,10,10,75,135,55,False,2.0,Normal,,False
243,Raikou,580,90,85,75,115,100,115,True,2.0,Electric,,False
244,Entei,580,115,115,85,90,75,100,True,2.0,Fire,,False
245,Suicune,580,100,75,115,90,115,85,True,2.0,Water,,False
246,Larvitar,300,50,64,50,45,50,41,False,2.0,Rock,Ground,False
247,Pupitar,410,70,84,70,65,70,51,False,2.0,Rock,Ground,False
248,Tyranitar,600,100,134,110,95,100,61,False,2.0,Rock,Dark,False
248,Mega Tyranitar,700,100,164,150,95,120,71,False,2.0,Rock,Dark,True
249,Lugia,680,106,90,130,90,154,110,True,2.0,Psychic,Flying,False
250,Ho-oh,680,106,130,90,110,154,90,True,2.0,Fire,Flying,False
251,Celebi,600,100,100,100,100,100,100,True,2.0,Psychic,Grass,False
252,Treecko,310,40,45,35,65,55,70,False,3.0,Grass,,False
253,Grovyle,405,50,65,45,85,65,95,False,3.0,Grass,,False
254,Sceptile,530,70,85,65,105,85,120,False,3.0,Grass,,False
254,Mega Sceptile,630,70,110,75,145,85,145,False,3.0,Grass,Dragon,True
255,Torchic,310,45,60,40,70,50,45,False,3.0,Fire,,False
256,Combusken,405,60,85,60,85,60,55,False,3.0,Fire,Fighting,False
257,Blaziken,530,80,120,70,110,70,80,False,3.0,Fire,Fighting,False
257,Mega Blaziken,630,80,160,80,130,80,100,False,3.0,Fire,Fighting,True
258,Mudkip,310,50,70,50,50,50,40,False,3.0,Water,,False
259,Marshtomp,405,70,85,70,60,70,50,False,3.0,Water,Ground,False
260,Swampert,535,100,110,90,85,90,60,False,3.0,Water,Ground,False
260,Mega Swampert,635,100,150,110,95,110,70,False,3.0,Water,Ground,True
261,Poochyena,220,35,55,35,30,30,35,False,3.0,Dark,,False
262,Mightyena,420,70,90,70,60,60,70,False,3.0,Dark,,False
263,Zigzagoon,240,38,30,41,30,41,60,False,3.0,Normal,,False
263,Galarian Zigzagoon,240,38,30,41,30,41,60,False,3.0,Dark,Normal,False
264,Linoone,420,78,70,61,50,61,100,False,3.0,Normal,,False
264,Galarian Linoone,420,78,70,61,50,61,100,False,3.0,Dark,Normal,False
265,Wurmple,195,45,45,35,20,30,20,False,3.0,Bug,,False
266,Silcoon,205,50,35,55,25,25,15,False,3.0,Bug,,False
267,Beautifly,395,60,70,50,100,50,65,False,3.0,Bug,Flying,False
268,Cascoon,205,50,35,55,25,25,15,False,3.0,Bug,,False
269,Dustox,385,60,50,70,50,90,65,False,3.0,Bug,Poison,False
270,Lotad,220,40,30,30,40,50,30,False,3.0,Water,Grass,False
271,Lombre,340,60,50,50,60,70,50,False,3.0,Water,Grass,False
272,Ludicolo,480,80,70,70,90,100,70,False,3.0,Water,Grass,False
273,Seedot,220,40,40,50,30,30,30,False,3.0,Grass,,False
274,Nuzleaf,340,70,70,40,60,40,60,False,3.0,Grass,Dark,False
275,Shiftry,480,90,100,60,90,60,80,False,3.0,Grass,Dark,False
276,Taillow,270,40,55,30,30,30,85,False,3.0,Normal,Flying,False
277,Swellow,455,60,85,60,75,50,125,False,3.0,Normal,Flying,False
278,Wingull,270,40,30,30,55,30,85,False,3.0,Water,Flying,False
279,Pelipper,440,60,50,100,95,70,65,False,3.0,Water,Flying,False
280,Ralts,198,28,25,25,45,35,40,False,3.0,Psychic,Fairy,False
281,Kirlia,278,38,35,35,65,55,50,False,3.0,Psychic,Fairy,False
282,Gardevoir,518,68,65,65,125,115,80,False,3.0,Psychic,Fairy,False
282,Mega Gardevoir,618,68,85,65,165,135,100,False,3.0,Psychic,Fairy,True
283,Surskit,269,40,30,32,50,52,65,False,3.0,Bug,Water,False
284,Masquerain,454,70,60,62,100,82,80,False,3.0,Bug,Flying,False
285,Shroomish,295,60,40,60,40,60,35,False,3.0,Grass,,False
286,Breloom,460,60,130,80,60,60,70,False,3.0,Grass,Fighting,False
287,Slakoth,280,60,60,60,35,35,30,False,3.0,Normal,,False
288,Vigoroth,440,80,80,80,55,55,90,False,3.0,Normal,,False
289,Slaking,670,150,160,100,95,65,100,False,3.0,Normal,,False
290,Nincada,266,31,45,90,30,30,40,False,3.0,Bug,Ground,False
291,Ninjask,456,61,90,45,50,50,160,False,3.0,Bug,Flying,False
292,Shedinja,236,1,90,45,30,30,40,False,3.0,Bug,Ghost,False
293,Whismur,240,64,51,23,51,23,28,False,3.0,Normal,,False
294,Loudred,360,84,71,43,71,43,48,False,3.0,Normal,,False
295,Exploud,490,104,91,63,91,73,68,False,3.0,Normal,,False
296,Makuhita,237,72,60,30,20,30,25,False,3.0,Fighting,,False
297,Hariyama,474,144,120,60,40,60,50,False,3.0,Fighting,,False
298,Azurill,190,50,20,40,20,40,20,False,3.0,Normal,Fairy,False
299,Nosepass,375,30,45,135,45,90,30,False,3.0,Rock,,False
300,Skitty,260,50,45,45,35,35,50,False,3.0,Normal,,False
301,Delcatty,400,70,65,65,55,55,90,False,3.0,Normal,,False
302,Sableye,380,50,75,75,65,65,50,False,3.0,Dark,Ghost,False
302,Mega Sableye,480,50,85,125,85,115,20,False,3.0,Dark,Ghost,True
303,Mawile,380,50,85,85,55,55,50,False,3.0,Steel,Fairy,False
303,Mega Mawile,480,50,105,125,55,95,50,False,3.0,Steel,Fairy,True
304,Aron,330,50,70,100,40,40,30,False,3.0,Steel,Rock,False
305,Lairon,430,60,90,140,50,50,40,False,3.0,Steel,Rock,False
306,Aggron,530,70,110,180,60,60,50,False,3.0,Steel,Rock,False
306,Mega Aggron,630,70,140,230,60,80,50,False,3.0,Steel,,True
307,Meditite,280,30,40,55,40,55,60,False,3.0,Fighting,Psychic,False
308,Medicham,410,60,60,75,60,75,80,False,3.0,Fighting,Psychic,False
308,Mega Medicham,510,60,100,85,80,85,100,False,3.0,Fighting,Psychic,True
309,Electrike,295,40,45,40,65,40,65,False,3.0,Electric,,False
310,Manectric,475,70,75,60,105,60,105,False,3.0,Electric,,False
310,Mega Manectric,575,70,75,80,135,80,135,False,3.0,Electric,,True
311,Plusle,405,60,50,40,85,75,95,False,3.0,Electric,,False
312,Minun,405,60,40,50,75,85,95,False,3.0,Electric,,False
313,Volbeat,430,65,73,75,47,85,85,False,3.0,Bug,,False
314,Illumise,430,65,47,75,73,85,85,False,3.0,Bug,,False
315,Roselia,400,50,60,45,100,80,65,False,3.0,Grass,Poison,False
316,Gulpin,302,70,43,53,43,53,40,False,3.0,Poison,,False
317,Swalot,467,100,73,83,73,83,55,False,3.0,Poison,,False
318,Carvanha,305,45,90,20,65,20,65,False,3.0,Water,Dark,False
319,Sharpedo,460,70,120,40,95,40,95,False,3.0,Water,Dark,False
319,Mega Sharpedo,560,70,140,70,110,65,105,False,3.0,Water,Dark,True
320,Wailmer,400,130,70,35,70,35,60,False,3.0,Water,,False
321,Wailord,500,170,90,45,90,45,60,False,3.0,Water,,False
322,Numel,305,60,60,40,65,45,35,False,3.0,Fire,Ground,False
323,Camerupt,460,70,100,70,105,75,40,False,3.0,Fire,Ground,False
323,Mega Camerupt,560,70,120,100,145,105,20,False,3.0,Fire,Ground,True
324,Torkoal,470,70,85,140,85,70,20,False,3.0,Fire,,False
325,Spoink,330,60,25,35,70,80,60,False,3.0,Psychic,,False
326,Grumpig,470,80,45,65,90,110,80,False,3.0,Psychic,,False
327,Spinda,360,60,60,60,60,60,60,False,3.0,Normal,,False
328,Trapinch,290,45,100,45,45,45,10,False,3.0,Ground,,False
329,Vibrava,340,50,70,50,50,50,70,False,3.0,Ground,Dragon,False
330,Flygon,520,80,100,80,80,80,100,False,3.0,Ground,Dragon,False
331,Cacnea,335,50,85,40,85,40,35,False,3.0,Grass,,False
332,Cacturne,475,70,115,60,115,60,55,False,3.0,Grass,Dark,False
333,Swablu,310,45,40,60,40,75,50,False,3.0,Normal,Flying,False
334,Altaria,490,75,70,90,70,105,80,False,3.0,Dragon,Flying,False
334,Mega Altaria,590,75,110,110,110,105,80,False,3.0,Dragon,Fairy,True
335,Zangoose,458,73,115,60,60,60,90,False,3.0,Normal,,False
336,Seviper,458,73,100,60,100,60,65,False,3.0,Poison,,False
337,Lunatone,460,90,55,65,95,85,70,False,3.0,Rock,Psychic,False
338,Solrock,460,90,95,85,55,65,70,False,3.0,Rock,Psychic,False
339,Barboach,288,50,48,43,46,41,60,False,3.0,Water,Ground,False
340,Whiscash,468,110,78,73,76,71,60,False,3.0,Water,Ground,False
341,Corphish,308,43,80,65,50,35,35,False,3.0,Water,,False
342,Crawdaunt,468,63,120,85,90,55,55,False,3.0,Water,Dark,False
343,Baltoy,300,40,40,55,40,70,55,False,3.0,Ground,Psychic,False
344,Claydol,500,60,70,105,70,120,75,False,3.0,Ground,Psychic,False
345,Lileep,355,66,41,77,61,87,23,False,3.0,Rock,Grass,False
346,Cradily,495,86,81,97,81,107,43,False,3.0,Rock,Grass,False
347,Anorith,355,45,95,50,40,50,75,False,3.0,Rock,Bug,False
348,Armaldo,495,75,125,100,70,80,45,False,3.0,Rock,Bug,False
349,Feebas,200,20,15,20,10,55,80,False,3.0,Water,,False
350,Milotic,540,95,60,79,100,125,81,False,3.0,Water,,False
351,Castform,420,70,70,70,70,70,70,False,3.0,Normal,,False
351,Castform Sunny Form,420,70,70,70,70,70,70,False,3.0,Fire,,False
351,Castform Rainy Form,420,70,70,70,70,70,70,False,3.0,Water,,False
351,Castform Snowy Form,420,70,70,70,70,70,70,False,3.0,Ice,,False
352,Kecleon,440,60,90,70,60,120,40,False,3.0,Normal,,False
353,Shuppet,295,44,75,35,63,33,45,False,3.0,Ghost,,False
354,Banette,455,64,115,65,83,63,65,False,3.0,Ghost,,False
354,Mega Banette,555,64,165,75,93,83,75,False,3.0,Ghost,,True
355,Duskull,295,20,40,90,30,90,25,False,3.0,Ghost,,False
356,Dusclops,455,40,70,130,60,130,25,False,3.0,Ghost,,False
357,Tropius,460,99,68,83,72,87,51,False,3.0,Grass,Flying,False
358,Chimecho,455,75,50,80,95,90,65,False,3.0,Psychic,,False
359,Absol,465,65,130,60,75,60,75,False,3.0,Dark,,False
359,Mega Absol,565,65,150,60,115,60,115,False,3.0,Dark,,True
360,Wynaut,260,95,23,48,23,48,23,False,3.0,Psychic,,False
361,Snorunt,300,50,50,50,50,50,50,False,3.0,Ice,,False
362,Glalie,480,80,80,80,80,80,80,False,3.0,Ice,,False
362,Mega Glalie,580,80,120,80,120,80,100,False,3.0,Ice,,True
363,Spheal,290,70,40,50,55,50,25,False,3.0,Ice,Water,False
364,Sealeo,410,90,60,70,75,70,45,False,3.0,Ice,Water,False
365,Walrein,530,110,80,90,95,90,65,False,3.0,Ice,Water,False
366,Clamperl,345,35,64,85,74,55,32,False,3.0,Water,,False
367,Huntail,485,55,104,105,94,75,52,False,3.0,Water,,False
368,Gorebyss,485,55,84,105,114,75,52,False,3.0,Water,,False
369,Relicanth,485,100,90,130,45,65,55,False,3.0,Water,Rock,False
370,Luvdisc,330,43,30,55,40,65,97,False,3.0,Water,,False
371,Bagon,300,45,75,60,40,30,50,False,3.0,Dragon,,False
372,Shelgon,420,65,95,100,60,50,50,False,3.0,Dragon,,False
373,Salamence,600,95,135,80,110,80,100,False,3.0,Dragon,Flying,False
373,Mega Salamence,700,95,145,130,120,90,120,False,3.0,Dragon,Flying,True
374,Beldum,300,40,55,80,35,60,30,False,3.0,Steel,Psychic,False
375,Metang,420,60,75,100,55,80,50,False,3.0,Steel,Psychic,False
376,Metagross,600,80,135,130,95,90,70,False,3.0,Steel,Psychic,False
376,Mega Metagross,700,80,145,150,105,110,110,False,3.0,Steel,Psychic,True
377,Regirock,580,80,100,200,50,100,50,True,3.0,Rock,,False
378,Regice,580,80,50,100,100,200,50,True,3.0,Ice,,False
379,Registeel,580,80,75,150,75,150,50,True,3.0,Steel,,False
380,Latias,600,80,80,90,110,130,110,True,3.0,Dragon,Psychic,False
380,Mega Latias,700,80,100,120,140,150,110,True,3.0,Dragon,Psychic,True
381,Latios,600,80,90,80,130,110,110,True,3.0,Dragon,Psychic,False
381,Mega Latios,700,80,130,100,160,120,110,True,3.0,Dragon,Psychic,True
382,Kyogre,670,100,100,90,150,140,90,True,3.0,Water,,False
382,Primal Kyogre,770,100,150,90,180,160,90,True,3.0,Water,,True
383,Groudon,670,100,150,140,100,90,90,True,3.0,Ground,,False
383,Primal Groudon,770,100,180,160,150,90,90,True,3.0,Ground,Fire,True
384,Rayquaza,680,105,150,90,150,90,95,True,3.0,Dragon,Flying,False
384,Mega Rayquaza,780,105,180,100,180,100,115,True,3.0,Dragon,Flying,True
385,Jirachi,600,100,100,100,100,100,100,True,3.0,Steel,Psychic,False
386,Deoxys Normal Forme,600,50,150,50,150,50,150,True,3.0,Psychic,,False
386,Deoxys Attack Forme,600,50,180,20,180,20,150,True,3.0,Psychic,,False
386,Deoxys Defense Forme,600,50,70,160,70,160,90,True,3.0,Psychic,,False
386,Deoxys Speed Forme,600,50,95,90,95,90,180,True,3.0,Psychic,,False
387,Turtwig,318,55,68,64,45,55,31,False,4.0,Grass,,False
388,Grotle,405,75,89,85,55,65,36,False,4.0,Grass,,False
389,Torterra,525,95,109,105,75,85,56,False,4.0,Grass,Ground,False
390,Chimchar,309,44,58,44,58,44,61,False,4.0,Fire,,False
391,Monferno,405,64,78,52,78,52,81,False,4.0,Fire,Fighting,False
392,Infernape,534,76,104,71,104,71,108,False,4.0,Fire,Fighting,False
393,Piplup,314,53,51,53,61,56,40,False,4.0,Water,,False
394,Prinplup,405,64,66,68,81,76,50,False,4.0,Water,,False
395,Empoleon,530,84,86,88,111,101,60,False,4.0,Water,Steel,False
396,Starly,245,40,55,30,30,30,60,False,4.0,Normal,Flying,False
397,Staravia,340,55,75,50,40,40,80,False,4.0,Normal,Flying,False
398,Staraptor,485,85,120,70,50,60,100,False,4.0,Normal,Flying,False
399,Bidoof,250,59,45,40,35,40,31,False,4.0,Normal,,False
400,Bibarel,410,79,85,60,55,60,71,False,4.0,Normal,Water,False
401,Kricketot,194,37,25,41,25,41,25,False,4.0,Bug,,False
402,Kricketune,384,77,85,51,55,51,65,False,4.0,Bug,,False
403,Shinx,263,45,65,34,40,34,45,False,4.0,Electric,,False
404,Luxio,363,60,85,49,60,49,60,False,4.0,Electric,,False
405,Luxray,523,80,120,79,95,79,70,False,4.0,Electric,,False
406,Budew,280,40,30,35,50,70,55,False,4.0,Grass,Poison,False
407,Roserade,515,60,70,65,125,105,90,False,4.0,Grass,Poison,False
408,Cranidos,350,67,125,40,30,30,58,False,4.0,Rock,,False
409,Rampardos,495,97,165,60,65,50,58,False,4.0,Rock,,False
410,Shieldon,350,30,42,118,42,88,30,False,4.0,Rock,Steel,False
411,Bastiodon,495,60,52,168,47,138,30,False,4.0,Rock,Steel,False
412,Burmy Plant Cloak,224,40,29,45,29,45,36,False,4.0,Bug,,False
412,Burmy Sandy Cloak,224,40,29,45,29,45,36,False,4.0,Bug,,False
412,Burmy Trash Cloak,224,40,29,45,29,45,36,False,4.0,Bug,,False
413,Wormadam Plant Cloak,424,60,59,85,79,105,36,False,4.0,Bug,Grass,False
413,Wormadam Sandy Cloak,424,60,79,105,59,85,36,False,4.0,Bug,Ground,False
413,Wormadam Trash Cloak,424,60,69,95,69,95,36,False,4.0,Bug,Steel,False
414,Mothim,424,70,94,50,94,50,66,False,4.0,Bug,Flying,False
415,Combee,244,30,30,42,30,42,70,False,4.0,Bug,Flying,False
416,Vespiquen,474,70,80,102,80,102,40,False,4.0,Bug,Flying,False
417,Pachirisu,405,60,45,70,45,90,95,False,4.0,Electric,,False
418,Buizel,330,55,65,35,60,30,85,False,4.0,Water,,False
419,Floatzel,495,85,105,55,85,50,115,False,4.0,Water,,False
420,Cherubi,275,45,35,45,62,53,35,False,4.0,Grass,,False
421,Cherrim,450,70,60,70,87,78,85,False,4.0,Grass,,False
422,Shellos,325,76,48,48,57,62,34,False,4.0,Water,,False
423,Gastrodon,475,111,83,68,92,82,39,False,4.0,Water,Ground,False
424,Ambipom,482,75,100,66,60,66,115,False,4.0,Normal,,False
425,Drifloon,348,90,50,34,60,44,70,False,4.0,Ghost,Flying,False
426,Drifblim,498,150,80,44,90,54,80,False,4.0,Ghost,Flying,False
427,Buneary,350,55,66,44,44,56,85,False,4.0,Normal,,False
428,Lopunny,480,65,76,84,54,96,105,False,4.0,Normal,,False
428,Mega Lopunny,580,65,136,94,54,96,135,False,4.0,Normal,Fighting,True
429,Mismagius,495,60,60,60,105,105,105,False,4.0,Ghost,,False
430,Honchkrow,505,100,125,52,105,52,71,False,4.0,Dark,Flying,False
431,Glameow,310,49,55,42,42,37,85,False,4.0,Normal,,False
432,Purugly,452,71,82,64,64,59,112,False,4.0,Normal,,False
433,Chingling,285,45,30,50,65,50,45,False,4.0,Psychic,,False
434,Stunky,329,63,63,47,41,41,74,False,4.0,Poison,Dark,False
435,Skuntank,479,103,93,67,71,61,84,False,4.0,Poison,Dark,False
436,Bronzor,300,57,24,86,24,86,23,False,4.0,Steel,Psychic,False
437,Bronzong,500,67,89,116,79,116,33,False,4.0,Steel,Psychic,False
438,Bonsly,290,50,80,95,10,45,10,False,4.0,Rock,,False
439,Mime Jr.,310,20,25,45,70,90,60,False,4.0,Psychic,Fairy,False
440,Happiny,220,100,5,5,15,65,30,False,4.0,Normal,,False
441,Chatot,411,76,65,45,92,42,91,False,4.0,Normal,Flying,False
442,Spiritomb,485,50,92,108,92,108,35,False,4.0,Ghost,Dark,False
443,Gible,300,58,70,45,40,45,42,False,4.0,Dragon,Ground,False
444,Gabite,410,68,90,65,50,55,82,False,4.0,Dragon,Ground,False
445,Garchomp,600,108,130,95,80,85,102,False,4.0,Dragon,Ground,False
445,Mega Garchomp,700,108,170,115,120,95,92,False,4.0,Dragon,Ground,True
446,Munchlax,390,135,85,40,40,85,5,False,4.0,Normal,,False
447,Riolu,285,40,70,40,35,40,60,False,4.0,Fighting,,False
448,Lucario,525,70,110,70,115,70,90,False,4.0,Fighting,Steel,False
448,Mega Lucario,625,70,145,88,140,70,112,False,4.0,Fighting,Steel,True
449,Hippopotas,330,68,72,78,38,42,32,False,4.0,Ground,,False
450,Hippowdon,525,108,112,118,68,72,47,False,4.0,Ground,,False
451,Skorupi,330,40,50,90,30,55,65,False,4.0,Poison,Bug,False
452,Drapion,500,70,90,110,60,75,95,False,4.0,Poison,Dark,False
453,Croagunk,300,48,61,40,61,40,50,False,4.0,Poison,Fighting,False
454,Toxicroak,490,83,106,65,86,65,85,False,4.0,Poison,Fighting,False
455,Carnivine,454,74,100,72,90,72,46,False,4.0,Grass,,False
456,Finneon,330,49,49,56,49,61,66,False,4.0,Water,,False
457,Lumineon,460,69,69,76,69,86,91,False,4.0,Water,,False
458,Mantyke,345,45,20,50,60,120,50,False,4.0,Water,Flying,False
459,Snover,334,60,62,50,62,60,40,False,4.0,Grass,Ice,False
460,Abomasnow,494,90,92,75,92,85,60,False,4.0,Grass,Ice,False
460,Mega Abomasnow,594,90,132,105,132,105,30,False,4.0,Grass,Ice,True
461,Weavile,510,70,120,65,45,85,125,False,4.0,Dark,Ice,False
462,Magnezone,535,70,70,115,130,90,60,False,4.0,Electric,Steel,False
463,Lickilicky,515,110,85,95,80,95,50,False,4.0,Normal,,False
464,Rhyperior,535,115,140,130,55,55,40,False,4.0,Ground,Rock,False
465,Tangrowth,535,100,100,125,110,50,50,False,4.0,Grass,,False
466,Electivire,540,75,123,67,95,85,95,False,4.0,Electric,,False
467,Magmortar,540,75,95,67,125,95,83,False,4.0,Fire,,False
468,Togekiss,545,85,50,95,120,115,80,False,4.0,Fairy,Flying,False
469,Yanmega,515,86,76,86,116,56,95,False,4.0,Bug,Flying,False
470,Leafeon,525,65,110,130,60,65,95,False,4.0,Grass,,False
471,Glaceon,525,65,60,110,130,95,65,False,4.0,Ice,,False
472,Gliscor,510,75,95,125,45,75,95,False,4.0,Ground,Flying,False
473,Mamoswine,530,110,130,80,70,60,80,False,4.0,Ice,Ground,False
474,Porygon-Z,535,85,80,70,135,75,90,False,4.0,Normal,,False
475,Gallade,518,68,125,65,65,115,80,False,4.0,Psychic,Fighting,False
475,Mega Gallade,618,68,165,95,65,115,110,False,4.0,Psychic,Fighting,True
476,Probopass,525,60,55,145,75,150,40,False,4.0,Rock,Steel,False
477,Dusknoir,525,45,100,135,65,135,45,False,4.0,Ghost,,False
478,Froslass,480,70,80,70,80,70,110,False,4.0,Ice,Ghost,False
479,Rotom,440,50,50,77,95,77,91,False,4.0,Electric,Ghost,False
479,Heat Rotom,520,50,65,107,105,107,86,False,4.0,Electric,Fire,False
479,Wash Rotom,520,50,65,107,105,107,86,False,4.0,Electric,Water,False
479,Frost Rotom,520,50,65,107,105,107,86,False,4.0,Electric,Ice,False
479,Fan Rotom,520,50,65,107,105,107,86,False,4.0,Electric,Flying,False
479,Mow Rotom,520,50,65,107,105,107,86,False,4.0,Electric,Grass,False
480,Uxie,580,75,75,130,75,130,95,True,4.0,Psychic,,False
481,Mesprit,580,80,105,105,105,105,80,True,4.0,Psychic,,False
482,Azelf,580,75,125,70,125,70,115,True,4.0,Psychic,,False
483,Dialga,680,100,120,120,150,100,90,True,4.0,Steel,Dragon,False
483,Dialga Origin Forme,680,100,100,120,150,120,90,True,4.0,Steel,Dragon,False
484,Palkia,680,90,120,100,150,120,100,True,4.0,Water,Dragon,False
484,Palkia Origin Forme,680,90,100,100,150,120,120,True,4.0,Water,Dragon,False
485,Heatran,600,91,90,106,130,106,77,True,4.0,Fire,Steel,False
486,Regigigas,670,110,160,110,80,110,100,True,4.0,Normal,,False
487,Giratina Altered Forme,680,150,100,120,100,120,90,True,4.0,Ghost,Dragon,False
487,Giratina Origin Forme,680,150,120,100,120,100,90,True,4.0,Ghost,Dragon,False
488,Cresselia,580,120,70,110,75,120,85,True,4.0,Psychic,,False
489,Phione,480,80,80,80,80,80,80,True,4.0,Water,,False
490,Manaphy,600,100,100,100,100,100,100,True,4.0,Water,,False
491,Darkrai,600,70,90,90,135,90,125,True,4.0,Dark,,False
492,Shaymin Land Forme,600,100,100,100,100,100,100,True,4.0,Grass,,False
492,Shaymin Sky Forme,600,100,103,75,120,75,127,True,4.0,Grass,Flying,False
493,Arceus,720,120,120,120,120,120,120,True,4.0,Normal,,False
494,Victini,600,100,100,100,100,100,100,True,5.0,Psychic,Fire,False
495,Snivy,308,45,45,55,45,55,63,False,5.0,Grass,,False
496,Servine,413,60,60,75,60,75,83,False,5.0,Grass,,False
497,Serperior,528,75,75,95,75,95,113,False,5.0,Grass,,False
498,Tepig,308,65,63,45,45,45,45,False,5.0,Fire,,False
499,Pignite,418,90,93,55,70,55,55,False,5.0,Fire,Fighting,False
500,Emboar,528,110,123,65,100,65,65,False,5.0,Fire,Fighting,False
501,Oshawott,308,55,55,45,63,45,45,False,5.0,Water,,False
502,Dewott,413,75,75,60,83,60,60,False,5.0,Water,,False
503,Samurott,528,95,100,85,108,70,70,False,5.0,Water,,False
503,Hisuian Samurott,528,90,108,80,100,65,85,False,5.0,Water,Dark,False
504,Patrat,255,45,55,39,35,39,42,False,5.0,Normal,,False
505,Watchog,420,60,85,69,60,69,77,False,5.0,Normal,,False
506,Lillipup,275,45,60,45,25,45,55,False,5.0,Normal,,False
507,Herdier,370,65,80,65,35,65,60,False,5.0,Normal,,False
508,Stoutland,500,85,110,90,45,90,80,False,5.0,Normal,,False
509,Purrloin,281,41,50,37,50,37,66,False,5.0,Dark,,False
510,Liepard,446,64,88,50,88,50,106,False,5.0,Dark,,False
511,Pansage,316,50,53,48,53,48,64,False,5.0,Grass,,False
512,Simisage,498,75,98,63,98,63,101,False,5.0,Grass,,False
513,Pansear,316,50,53,48,53,48,64,False,5.0,Fire,,False
514,Simisear,498,75,98,63,98,63,101,False,5.0,Fire,,False
515,Panpour,316,50,53,48,53,48,64,False,5.0,Water,,False
516,Simipour,498,75,98,63,98,63,101,False,5.0,Water,,False
517,Munna,292,76,25,45,67,55,24,False,5.0,Psychic,,False
518,Musharna,487,116,55,85,107,95,29,False,5.0,Psychic,,False
519,Pidove,264,50,55,50,36,30,43,False,5.0,Normal,Flying,False
520,Tranquill,358,62,77,62,50,42,65,False,5.0,Normal,Flying,False
521,Unfezant,488,80,115,80,65,55,93,False,5.0,Normal,Flying,False
522,Blitzle,295,45,60,32,50,32,76,False,5.0,Electric,,False
523,Zebstrika,497,75,100,63,80,63,116,False,5.0,Electric,,False
524,Roggenrola,280,55,75,85,25,25,15,False,5.0,Rock,,False
525,Boldore,390,70,105,105,50,40,20,False,5.0,Rock,,False
526,Gigalith,515,85,135,130,60,80,25,False,5.0,Rock,,False
527,Woobat,323,65,45,43,55,43,72,False,5.0,Psychic,Flying,False
528,Swoobat,425,67,57,55,77,55,114,False,5.0,Psychic,Flying,False
529,Drilbur,328,60,85,40,30,45,68,False,5.0,Ground,,False
530,Excadrill,508,110,135,60,50,65,88,False,5.0,Ground,Steel,False
531,Audino,445,103,60,86,60,86,50,False,5.0,Normal,,False
531,Mega Audino,545,103,60,126,80,126,50,False,5.0,Normal,Fairy,True
532,Timburr,305,75,80,55,25,35,35,False,5.0,Fighting,,False
533,Gurdurr,405,85,105,85,40,50,40,False,5.0,Fighting,,False
534,Conkeldurr,505,105,140,95,55,65,45,False,5.0,Fighting,,False
535,Tympole,294,50,50,40,50,40,64,False,5.0,Water,,False
536,Palpitoad,384,75,65,55,65,55,69,False,5.0,Water,Ground,False
537,Seismitoad,509,105,95,75,85,75,74,False,5.0,Water,Ground,False
538,Throh,465,120,100,85,30,85,45,False,5.0,Fighting,,False
539,Sawk,465,75,125,75,30,75,85,False,5.0,Fighting,,False
540,Sewaddle,310,45,53,70,40,60,42,False,5.0,Bug,Grass,False
541,Swadloon,380,55,63,90,50,80,42,False,5.0,Bug,Grass,False
542,Leavanny,500,75,103,80,70,80,92,False,5.0,Bug,Grass,False
543,Venipede,260,30,45,59,30,39,57,False,5.0,Bug,Poison,False
544,Whirlipede,360,40,55,99,40,79,47,False,5.0,Bug,Poison,False
545,Scolipede,485,60,100,89,55,69,112,False,5.0,Bug,Poison,False
546,Cottonee,280,40,27,60,37,50,66,False,5.0,Grass,Fairy,False
547,Whimsicott,480,60,67,85,77,75,116,False,5.0,Grass,Fairy,False
548,Petilil,280,45,35,50,70,50,30,False,5.0,Grass,,False
549,Lilligant,480,70,60,75,110,75,90,False,5.0,Grass,,False
549,Hisuian Lilligant,480,70,105,75,50,75,105,False,5.0,Grass,Fighting,False
550,Basculin Red-Striped Form,460,70,92,65,80,55,98,False,5.0,Water,,False
550,Basculin Blue-Striped Form,460,70,92,65,80,55,98,False,5.0,Water,,False
550,Basculin White-Striped Form,460,70,92,65,80,55,98,False,5.0,Water,,False
551,Sandile,292,50,72,35,35,35,65,False,5.0,Ground,Dark,False
552,Krokorok,351,60,82,45,45,45,74,False,5.0,Ground,Dark,False
553,Krookodile,519,95,117,80,65,70,92,False,5.0,Ground,Dark,False
554,Darumaka,315,70,90,45,15,45,50,False,5.0,Fire,,False
554,Galarian Darumaka,315,70,90,45,15,45,50,False,5.0,Ice,,False
555,Darmanitan Standard Mode,480,105,140,55,30,55,95,False,5.0,Fire,,False
555,Darmanitan Zen Mode,540,105,30,105,140,105,55,False,5.0,Fire,Psychic,False
555,Darmanitan Galarian Standard Mode,480,105,140,55,30,55,95,False,5.0,Ice,,False
555,Darmanitan Galarian Zen Mode,540,105,160,55,30,55,135,False,5.0,Ice,Fire,False
556,Maractus,461,75,86,67,106,67,60,False,5.0,Grass,,False
557,Dwebble,325,50,65,85,35,35,55,False,5.0,Bug,Rock,False
558,Crustle,485,70,105,125,65,75,45,False,5.0,Bug,Rock,False
559,Scraggy,348,50,75,70,35,70,48,False,5.0,Dark,Fighting,False
560,Scrafty,488,65,90,115,45,115,58,False,5.0,Dark,Fighting,False
561,Sigilyph,490,72,58,80,103,80,97,False,5.0,Psychic,Flying,False
562,Yamask,303,38,30,85,55,65,30,False,5.0,Ghost,,False
562,Galarian Yamask,303,38,55,85,30,65,30,False,5.0,Ground,Ghost,False
563,Cofagrigus,483,58,50,145,95,105,30,False,5.0,Ghost,,False
564,Tirtouga,355,54,78,103,53,45,22,False,5.0,Water,Rock,False
565,Carracosta,495,74,108,133,83,65,32,False,5.0,Water,Rock,False
566,Archen,401,55,112,45,74,45,70,False,5.0,Rock,Flying,False
567,Archeops,567,75,140,65,112,65,110,False,5.0,Rock,Flying,False
568,Trubbish,329,50,50,62,40,62,65,False,5.0,Poison,,False
569,Garbodor,474,80,95,82,60,82,75,False,5.0,Poison,,False
570,Zorua,330,40,65,40,80,40,65,False,5.0,Dark,,False
570,Hisuian Zorua,330,35,60,40,85,40,70,False,5.0,Normal,Ghost,False
571,Zoroark,510,60,105,60,120,60,105,False,5.0,Dark,,False
571,Hisuian Zoroark,510,55,100,60,125,60,110,False,5.0,Normal,Ghost,False
572,Minccino,300,55,50,40,40,40,75,False,5.0,Normal,,False
573,Cinccino,470,75,95,60,65,60,115,False,5.0,Normal,,False
574,Gothita,290,45,30,50,55,65,45,False,5.0,Psychic,,False
575,Gothorita,390,60,45,70,75,85,55,False,5.0,Psychic,,False
576,Gothitelle,490,70,55,95,95,110,65,False,5.0,Psychic,,False
577,Solosis,290,45,30,40,105,50,20,False,5.0,Psychic,,False
578,Duosion,370,65,40,50,125,60,30,False,5.0,Psychic,,False
579,Reuniclus,490,110,65,75,125,85,30,False,5.0,Psychic,,False
580,Ducklett,305,62,44,50,44,50,55,False,5.0,Water,Flying,False
581,Swanna,473,75,87,63,87,63,98,False,5.0,Water,Flying,False
582,Vanillite,305,36,50,50,65,60,44,False,5.0,Ice,,False
583,Vanillish,395,51,65,65,80,75,59,False,5.0,Ice,,False
584,Vanilluxe,535,71,95,85,110,95,79,False,5.0,Ice,,False
585,Deerling,335,60,60,50,40,50,75,False,5.0,Normal,Grass,False
586,Sawsbuck,475,80,100,70,60,70,95,False,5.0,Normal,Grass,False
587,Emolga,428,55,75,60,75,60,103,False,5.0,Electric,Flying,False
588,Karrablast,315,50,75,45,40,45,60,False,5.0,Bug,,False
589,Escavalier,495,70,135,105,60,105,20,False,5.0,Bug,Steel,False
590,Foongus,294,69,55,45,55,55,15,False,5.0,Grass,Poison,False
591,Amoonguss,464,114,85,70,85,80,30,False,5.0,Grass,Poison,False
592,Frillish,335,55,40,50,65,85,40,False,5.0,Water,Ghost,False
593,Jellicent,480,100,60,70,85,105,60,False,5.0,Water,Ghost,False
594,Alomomola,470,165,75,80,40,45,65,False,5.0,Water,,False
595,Joltik,319,50,47,50,57,50,65,False,5.0,Bug,Electric,False
596,Galvantula,472,70,77,60,97,60,108,False,5.0,Bug,Electric,False
597,Ferroseed,305,44,50,91,24,86,10,False,5.0,Grass,Steel,False
598,Ferrothorn,489,74,94,131,54,116,20,False,5.0,Grass,Steel,False
599,Klink,300,40,55,70,45,60,30,False,5.0,Steel,,False
600,Klang,440,60,80,95,70,85,50,False,5.0,Steel,,False
601,Klinklang,520,60,100,115,70,85,90,False,5.0,Steel,,False
602,Tynamo,275,35,55,40,45,40,60,False,5.0,Electric,,False
603,Eelektrik,405,65,85,70,75,70,40,False,5.0,Electric,,False
604,Eelektross,515,85,115,80,105,80,50,False,5.0,Electric,,False
605,Elgyem,335,55,55,55,85,55,30,False,5.0,Psychic,,False
606,Beheeyem,485,75,75,75,125,95,40,False,5.0,Psychic,,False
607,Litwick,275,50,30,55,65,55,20,False,5.0,Ghost,Fire,False
608,Lampent,370,60,40,60,95,60,55,False,5.0,Ghost,Fire,False
609,Chandelure,520,60,55,90,145,90,80,False,5.0,Ghost,Fire,False
610,Axew,320,46,87,60,30,40,57,False,5.0,Dragon,,False
611,Fraxure,410,66,117,70,40,50,67,False,5.0,Dragon,,False
612,Haxorus,540,76,147,90,60,70,97,False,5.0,Dragon,,False
613,Cubchoo,305,55,70,40,60,40,40,False,5.0,Ice,,False
614,Beartic,505,95,130,80,70,80,50,False,5.0,Ice,,False
615,Cryogonal,515,80,50,50,95,135,105,False,5.0,Ice,,False
616,Shelmet,305,50,40,85,40,65,25,False,5.0,Bug,,False
617,Accelgor,495,80,70,40,100,60,145,False,5.0,Bug,,False
618,Stunfisk,471,109,66,84,81,99,32,False,5.0,Ground,Electric,False
618,Galarian Stunfisk,471,109,81,99,66,84,32,False,5.0,Ground,Steel,False
619,Mienfoo,350,45,85,50,55,50,65,False,5.0,Fighting,,False
620,Mienshao,510,65,125,60,95,60,105,False,5.0,Fighting,,False
621,Druddigon,485,77,120,90,60,90,48,False,5.0,Dragon,,False
622,Golett,303,59,74,50,35,50,35,False,5.0,Ground,Ghost,False
623,Golurk,483,89,124,80,55,80,55,False,5.0,Ground,Ghost,False
624,Pawniard,340,45,85,70,40,40,60,False,5.0,Dark,Steel,False
625,Bisharp,490,65,125,100,60,70,70,False,5.0,Dark,Steel,False
626,Bouffalant,490,95,110,95,40,95,55,False,5.0,Normal,,False
627,Rufflet,350,70,83,50,37,50,60,False,5.0,Normal,Flying,False
628,Braviary,510,100,123,75,57,75,80,False,5.0,Normal,Flying,False
628,Hisuian Braviary,510,110,83,70,112,70,65,False,5.0,Psychic,Flying,False
629,Vullaby,370,70,55,75,45,65,60,False,5.0,Dark,Flying,False
630,Mandibuzz,510,110,65,105,55,95,80,False,5.0,Dark,Flying,False
631,Heatmor,484,85,97,66,105,66,65,False,5.0,Fire,,False
632,Durant,484,58,109,112,48,48,109,False,5.0,Bug,Steel,False
633,Deino,300,52,65,50,45,50,38,False,5.0,Dark,Dragon,False
634,Zweilous,420,72,85,70,65,70,58,False,5.0,Dark,Dragon,False
635,Hydreigon,600,92,105,90,125,90,98,False,5.0,Dark,Dragon,False
636,Larvesta,360,55,85,55,50,55,60,False,5.0,Bug,Fire,False
637,Volcarona,550,85,60,65,135,105,100,False,5.0,Bug,Fire,False
638,Cobalion,580,91,90,129,90,72,108,True,5.0,Steel,Fighting,False
639,Terrakion,580,91,129,90,72,90,108,True,5.0,Rock,Fighting,False
640,Virizion,580,91,90,72,90,129,108,True,5.0,Grass,Fighting,False
641,Tornadus Incarnate Forme,580,79,115,70,125,80,111,True,5.0,Flying,,False
641,Tornadus Therian Forme,580,79,100,80,110,90,121,True,5.0,Flying,,False
642,Thundurus Incarnate Forme,580,79,115,70,125,80,111,True,5.0,Electric,Flying,False
642,Thundurus Therian Forme,580,79,105,70,145,80,101,True,5.0,Electric,Flying,False
643,Reshiram,680,100,120,100,150,120,90,True,5.0,Dragon,Fire,False
644,Zekrom,680,100,150,120,120,100,90,True,5.0,Dragon,Electric,False
645,Landorus Incarnate Forme,600,89,125,90,115,80,101,True,5.0,Ground,Flying,False
645,Landorus Therian Forme,600,89,145,90,105,80,91,True,5.0,Ground,Flying,False
646,Kyurem,660,125,130,90,130,90,95,True,5.0,Dragon,Ice,False
646,White Kyurem,700,125,120,90,170,100,95,True,5.0,Dragon,Ice,False
646,Black Kyurem,700,125,170,100,120,90,95,True,5.0,Dragon,Ice,False
647,Keldeo Ordinary Form,580,91,72,90,129,90,108,True,5.0,Water,Fighting,False
647,Keldeo Resolute Form,580,91,72,90,129,90,108,True,5.0,Water,Fighting,False
648,Meloetta Aria Forme,600,100,77,77,128,128,90,True,5.0,Normal,Psychic,False
648,Meloetta Pirouette Forme,600,100,128,90,77,77,128,True,5.0,Normal,Fighting,False
649,Genesect,600,71,120,95,120,95,99,True,5.0,Bug,Steel,False
650,Chespin,313,56,61,65,48,45,38,False,6.0,Grass,,False
651,Quilladin,405,61,78,95,56,58,57,False,6.0,Grass,,False
652,Chesnaught,530,88,107,122,74,75,64,False,6.0,Grass,Fighting,False
653,Fennekin,307,40,45,40,62,60,60,False,6.0,Fire,,False
654,Braixen,409,59,59,58,90,70,73,False,6.0,Fire,,False
655,Delphox,534,75,69,72,114,100,104,False,6.0,Fire,Psychic,False
656,Froakie,314,41,56,40,62,44,71,False,6.0,Water,,False
657,Frogadier,405,54,63,52,83,56,97,False,6.0,Water,,False
658,Greninja,530,72,95,67,103,71,122,False,6.0,Water,Dark,False
658,Greninja Ash-Greninja,640,72,145,67,153,71,132,False,6.0,Water,Dark,False
659,Bunnelby,237,38,36,38,32,36,57,False,6.0,Normal,,False
660,Diggersby,423,85,56,77,50,77,78,False,6.0,Normal,Ground,False
661,Fletchling,278,45,50,43,40,38,62,False,6.0,Normal,Flying,False
662,Fletchinder,382,62,73,55,56,52,84,False,6.0,Fire,Flying,False
663,Talonflame,499,78,81,71,74,69,126,False,6.0,Fire,Flying,False
664,Scatterbug,200,38,35,40,27,25,35,False,6.0,Bug,,False
665,Spewpa,213,45,22,60,27,30,29,False,6.0,Bug,,False
666,Vivillon,411,80,52,50,90,50,89,False,6.0,Bug,Flying,False
667,Litleo,369,62,50,58,73,54,72,False,6.0,Fire,Normal,False
668,Pyroar,507,86,68,72,109,66,106,False,6.0,Fire,Normal,False
669,Flabébé,303,44,38,39,61,79,42,False,6.0,Fairy,,False
670,Floette,371,54,45,47,75,98,52,False,6.0,Fairy,,False
671,Florges,552,78,65,68,112,154,75,False,6.0,Fairy,,False
672,Skiddo,350,66,65,48,62,57,52,False,6.0,Grass,,False
673,Gogoat,531,123,100,62,97,81,68,False,6.0,Grass,,False
674,Pancham,348,67,82,62,46,48,43,False,6.0,Fighting,,False
675,Pangoro,495,95,124,78,69,71,58,False,6.0,Fighting,Dark,False
676,Furfrou,472,75,80,60,65,90,102,False,6.0,Normal,,False
677,Espurr,355,62,48,54,63,60,68,False,6.0,Psychic,,False
678,Meowstic Male,466,74,48,76,83,81,104,False,6.0,Psychic,,False
678,Meowstic Female,466,74,48,76,83,81,104,False,6.0,Psychic,,False
679,Honedge,325,45,80,100,35,37,28,False,6.0,Steel,Ghost,False
680,Doublade,448,59,110,150,45,49,35,False,6.0,Steel,Ghost,False
681,Aegislash Shield Forme,500,60,50,140,50,140,60,False,6.0,Steel,Ghost,False
681,Aegislash Blade Forme,500,60,140,50,140,50,60,False,6.0,Steel,Ghost,False
682,Spritzee,341,78,52,60,63,65,23,False,6.0,Fairy,,False
683,Aromatisse,462,101,72,72,99,89,29,False,6.0,Fairy,,False
684,Swirlix,341,62,48,66,59,57,49,False,6.0,Fairy,,False
685,Slurpuff,480,82,80,86,85,75,72,False,6.0,Fairy,,False
686,Inkay,288,53,54,53,37,46,45,False,6.0,Dark,Psychic,False
687,Malamar,482,86,92,88,68,75,73,False,6.0,Dark,Psychic,False
688,Binacle,306,42,52,67,39,56,50,False,6.0,Rock,Water,False
689,Barbaracle,500,72,105,115,54,86,68,False,6.0,Rock,Water,False
690,Skrelp,320,50,60,60,60,60,30,False,6.0,Poison,Water,False
691,Dragalge,494,65,75,90,97,123,44,False,6.0,Poison,Dragon,False
692,Clauncher,330,50,53,62,58,63,44,False,6.0,Water,,False
693,Clawitzer,500,71,73,88,120,89,59,False,6.0,Water,,False
694,Helioptile,289,44,38,33,61,43,70,False,6.0,Electric,Normal,False
695,Heliolisk,481,62,55,52,109,94,109,False,6.0,Electric,Normal,False
696,Tyrunt,362,58,89,77,45,45,48,False,6.0,Rock,Dragon,False
697,Tyrantrum,521,82,121,119,69,59,71,False,6.0,Rock,Dragon,False
698,Amaura,362,77,59,50,67,63,46,False,6.0,Rock,Ice,False
699,Aurorus,521,123,77,72,99,92,58,False,6.0,Rock,Ice,False
700,Sylveon,525,95,65,65,110,130,60,False,6.0,Fairy,,False
701,Hawlucha,500,78,92,75,74,63,118,False,6.0,Fighting,Flying,False
702,Dedenne,431,67,58,57,81,67,101,False,6.0,Electric,Fairy,False
703,Carbink,500,50,50,150,50,150,50,False,6.0,Rock,Fairy,False
704,Goomy,300,45,50,35,55,75,40,False,6.0,Dragon,,False
705,Sliggoo,452,68,75,53,83,113,60,False,6.0,Dragon,,False
705,Hisuian Sliggoo,452,58,75,83,83,113,40,False,6.0,Steel,Dragon,False
706,Goodra,600,90,100,70,110,150,80,False,6.0,Dragon,,False
706,Hisuian Goodra,600,80,100,100,110,150,60,False,6.0,Steel,Dragon,False
707,Klefki,470,57,80,91,80,87,75,False,6.0,Steel,Fairy,False
708,Phantump,309,43,70,48,50,60,38,False,6.0,Ghost,Grass,False
709,Trevenant,474,85,110,76,65,82,56,False,6.0,Ghost,Grass,False
710,Pumpkaboo Average Size,335,49,66,70,44,55,51,False,6.0,Ghost,Grass,False
710,Pumpkaboo Small Size,335,44,66,70,44,55,56,False,6.0,Ghost,Grass,False
710,Pumpkaboo Large Size,335,54,66,70,44,55,46,False,6.0,Ghost,Grass,False
710,Pumpkaboo Super Size,335,59,66,70,44,55,41,False,6.0,Ghost,Grass,False
711,Gourgeist Average Size,494,65,90,122,58,75,84,False,6.0,Ghost,Grass,False
711,Gourgeist Small Size,494,55,85,122,58,75,99,False,6.0,Ghost,Grass,False
711,Gourgeist Large Size,494,75,95,122,58,75,69,False,6.0,Ghost,Grass,False
711,Gourgeist Super Size,494,85,100,122,58,75,54,False,6.0,Ghost,Grass,False
712,Bergmite,304,55,69,85,32,35,28,False,6.0,Ice,,False
713,Avalugg,514,95,117,184,44,46,28,False,6.0,Ice,,False
713,Hisuian Avalugg,514,95,127,184,34,36,38,False,6.0,Ice,Rock,False
714,Noibat,245,40,30,35,45,40,55,False,6.0,Flying,Dragon,False
715,Noivern,535,85,70,80,97,80,123,False,6.0,Flying,Dragon,False
716,Xerneas,680,126,131,95,131,98,99,True,6.0,Fairy,,False
717,Yveltal,680,126,131,95,131,98,99,True,6.0,Dark,Flying,False
718,Zygarde 50% Forme,600,108,100,121,81,95,95,True,6.0,Dragon,Ground,False
718,Zygarde 10% Forme,486,54,100,71,61,85,115,True,6.0,Dragon,Ground,False
718,Zygarde Complete Forme,708,216,100,121,91,95,85,True,6.0,Dragon,Ground,False
719,Diancie,600,50,100,150,100,150,50,True,6.0,Rock,Fairy,False
719,Mega Diancie,700,50,160,110,160,110,110,True,6.0,Rock,Fairy,True
720,Hoopa Confined,600,80,110,60,150,130,70,True,6.0,Psychic,Ghost,False
720,Hoopa Unbound,680,80,160,60,170,130,80,True,6.0,Psychic,Dark,False
721,Volcanion,600,80,110,120,130,90,70,True,6.0,Fire,Water,False
722,Rowlet,320,68,55,55,50,50,42,False,7.0,Grass,Flying,False
723,Dartrix,420,78,75,75,70,70,52,False,7.0,Grass,Flying,False
724,Decidueye,530,78,107,75,100,100,70,False,7.0,Grass,Ghost,False
724,Hisuian Decidueye,530,88,112,80,95,95,60,False,7.0,Grass,Fighting,False
725,Litten,320,45,65,40,60,40,70,False,7.0,Fire,,False
726,Torracat,420,65,85,50,80,50,90,False,7.0,Fire,,False
727,Incineroar,530,95,115,90,80,90,60,False,7.0,Fire,Dark,False
728,Popplio,320,50,54,54,66,56,40,False,7.0,Water,,False
729,Brionne,420,60,69,69,91,81,50,False,7.0,Water,,False
730,Primarina,530,80,74,74,126,116,60,False,7.0,Water,Fairy,False
731,Pikipek,265,35,75,30,30,30,65,False,7.0,Normal,Flying,False
732,Trumbeak,355,55,85,50,40,50,75,False,7.0,Normal,Flying,False
733,Toucannon,485,80,120,75,75,75,60,False,7.0,Normal,Flying,False
734,Yungoos,253,48,70,30,30,30,45,False,7.0,Normal,,False
735,Gumshoos,418,88,110,60,55,60,45,False,7.0,Normal,,False
736,Grubbin,300,47,62,45,55,45,46,False,7.0,Bug,,False
737,Charjabug,400,57,82,95,55,75,36,False,7.0,Bug,Electric,False
738,Vikavolt,500,77,70,90,145,75,43,False,7.0,Bug,Electric,False
739,Crabrawler,338,47,82,57,42,47,63,False,7.0,Fighting,,False
740,Crabominable,478,97,132,77,62,67,43,False,7.0,Fighting,Ice,False
741,Oricorio Baile Style,476,75,70,70,98,70,93,False,7.0,Fire,Flying,False
741,Oricorio Pom-Pom Style,476,75,70,70,98,70,93,False,7.0,Electric,Flying,False
741,Oricorio Pa'u Style,476,75,70,70,98,70,93,False,7.0,Psychic,Flying,False
741,Oricorio Sensu Style,476,75,70,70,98,70,93,False,7.0,Ghost,Flying,False
742,Cutiefly,304,40,45,40,55,40,84,False,7.0,Bug,Fairy,False
743,Ribombee,464,60,55,60,95,70,124,False,7.0,Bug,Fairy,False
744,Rockruff,280,45,65,40,30,40,60,False,7.0,Rock,,False
744,Own Tempo Rockruff,280,45,65,40,30,40,60,False,7.0,Rock,,False
745,Lycanroc Midday Form,487,75,115,65,55,65,112,False,7.0,Rock,,False
745,Lycanroc Midnight Form,487,85,115,75,55,75,82,False,7.0,Rock,,False
745,Lycanroc Dusk Form,487,75,117,65,55,65,110,False,7.0,Rock,,False
746,Wishiwashi Solo Form,175,45,20,20,25,25,40,False,7.0,Water,,False
746,Wishiwashi School Form,620,45,140,130,140,135,30,False,7.0,Water,,False
747,Mareanie,305,50,53,62,43,52,45,False,7.0,Poison,Water,False
748,Toxapex,495,50,63,152,53,142,35,False,7.0,Poison,Water,False
749,Mudbray,385,70,100,70,45,55,45,False,7.0,Ground,,False
750,Mudsdale,500,100,125,100,55,85,35,False,7.0,Ground,,False
751,Dewpider,269,38,40,52,40,72,27,False,7.0,Water,Bug,False
752,Araquanid,454,68,70,92,50,132,42,False,7.0,Water,Bug,False
753,Fomantis,250,40,55,35,50,35,35,False,7.0,Grass,,False
754,Lurantis,480,70,105,90,80,90,45,False,7.0,Grass,,False
755,Morelull,285,40,35,55,65,75,15,False,7.0,Grass,Fairy,False
756,Shiinotic,405,60,45,80,90,100,30,False,7.0,Grass,Fairy,False
757,Salandit,320,48,44,40,71,40,77,False,7.0,Poison,Fire,False
758,Salazzle,480,68,64,60,111,60,117,False,7.0,Poison,Fire,False
759,Stufful,340,70,75,50,45,50,50,False,7.0,Normal,Fighting,False
760,Bewear,500,120,125,80,55,60,60,False,7.0,Normal,Fighting,False
761,Bounsweet,210,42,30,38,30,38,32,False,7.0,Grass,,False
762,Steenee,290,52,40,48,40,48,62,False,7.0,Grass,,False
763,Tsareena,510,72,120,98,50,98,72,False,7.0,Grass,,False
764,Comfey,485,51,52,90,82,110,100,False,7.0,Fairy,,False
765,Oranguru,490,90,60,80,90,110,60,False,7.0,Normal,Psychic,False
766,Passimian,490,100,120,90,40,60,80,False,7.0,Fighting,,False
767,Wimpod,230,25,35,40,20,30,80,False,7.0,Bug,Water,False
768,Golisopod,530,75,125,140,60,90,40,False,7.0,Bug,Water,False
769,Sandygast,320,55,55,80,70,45,15,False,7.0,Ghost,Ground,False
770,Palossand,480,85,75,110,100,75,35,False,7.0,Ghost,Ground,False
771,Pyukumuku,410,55,60,130,30,130,5,False,7.0,Water,,False
772,Type: Null,534,95,95,95,95,95,59,True,7.0,Normal,,False
773,Silvally,570,95,95,95,95,95,95,True,7.0,Normal,,False
774,Minior Meteor Form,440,60,60,100,60,100,60,False,7.0,Rock,Flying,False
774,Minior Core Form,500,60,100,60,100,60,120,False,7.0,Rock,Flying,False
775,Komala,480,65,115,65,75,95,65,False,7.0,Normal,,False
776,Turtonator,485,60,78,135,91,85,36,False,7.0,Fire,Dragon,False
777,Togedemaru,435,65,98,63,40,73,96,False,7.0,Electric,Steel,False
778,Mimikyu,476,55,90,80,50,105,96,False,7.0,Ghost,Fairy,False
779,Bruxish,475,68,105,70,70,70,92,False,7.0,Water,Psychic,False
780,Drampa,485,78,60,85,135,91,36,False,7.0,Normal,Dragon,False
781,Dhelmise,517,70,131,100,86,90,40,False,7.0,Ghost,Grass,False
782,Jangmo-o,300,45,55,65,45,45,45,False,7.0,Dragon,,False
783,Hakamo-o,420,55,75,90,65,70,65,False,7.0,Dragon,Fighting,False
784,Kommo-o,600,75,110,125,100,105,85,False,7.0,Dragon,Fighting,False
785,Tapu Koko,570,70,115,85,95,75,130,True,7.0,Electric,Fairy,False
786,Tapu Lele,570,70,85,75,130,115,95,True,7.0,Psychic,Fairy,False
787,Tapu Bulu,570,70,130,115,85,95,75,True,7.0,Grass,Fairy,False
788,Tapu Fini,570,70,75,115,95,130,85,True,7.0,Water,Fairy,False
789,Cosmog,200,43,29,31,29,31,37,True,7.0,Psychic,,False
790,Cosmoem,400,43,29,131,29,131,37,True,7.0,Psychic,,False
791,Solgaleo,680,137,137,107,113,89,97,True,7.0,Psychic,Steel,False
792,Lunala,680,137,113,89,137,107,97,True,7.0,Psychic,Ghost,False
793,Nihilego,570,109,53,47,127,131,103,True,7.0,Rock,Poison,False
794,Buzzwole,570,107,139,139,53,53,79,True,7.0,Bug,Fighting,False
795,Pheromosa,570,71,137,37,137,37,151,True,7.0,Bug,Fighting,False
796,Xurkitree,570,83,89,71,173,71,83,True,7.0,Electric,,False
797,Celesteela,570,97,101,103,107,101,61,True,7.0,Steel,Flying,False
798,Kartana,570,59,181,131,59,31,109,True,7.0,Grass,Steel,False
799,Guzzlord,570,223,101,53,97,53,43,True,7.0,Dark,Dragon,False
800,Necrozma,600,97,107,101,127,89,79,True,7.0,Psychic,,False
800,Dusk Mane Necrozma,680,97,157,127,113,109,77,True,7.0,Psychic,Steel,False
800,Dawn Wings Necrozma,680,97,113,109,157,127,77,True,7.0,Psychic,Ghost,False
800,Ultra Necrozma,754,97,167,97,167,97,129,True,7.0,Psychic,Dragon,False
801,Magearna,600,80,95,115,130,115,65,True,7.0,Steel,Fairy,False
802,Marshadow,600,90,125,80,90,90,125,True,7.0,Fighting,Ghost,False
803,Poipole,420,67,73,67,73,67,73,True,7.0,Poison,,False
804,Naganadel,540,73,73,73,127,73,121,True,7.0,Poison,Dragon,False
805,Stakataka,570,61,131,211,53,101,13,True,7.0,Rock,Steel,False
806,Blacephalon,570,53,127,53,151,79,107,True,7.0,Fire,Ghost,False
807,Zeraora,600,88,112,75,102,80,143,True,7.0,Electric,,False
808,Meltan,300,46,65,65,55,35,34,True,7.0,Steel,,False
809,Melmetal,600,135,143,143,80,65,34,True,7.0,Steel,,False
810,Grookey,310,50,65,50,40,40,65,False,8.0,Grass,,False
811,Thwackey,420,70,85,70,55,60,80,False,8.0,Grass,,False
812,Rillaboom,530,100,125,90,60,70,85,False,8.0,Grass,,False
813,Scorbunny,310,50,71,40,40,40,69,False,8.0,Fire,,False
814,Raboot,420,65,86,60,55,60,94,False,8.0,Fire,,False
815,Cinderace,530,80,116,75,65,75,119,False,8.0,Fire,,False
816,Sobble,310,50,40,40,70,40,70,False,8.0,Water,,False
817,Drizzile,420,65,60,55,95,55,90,False,8.0,Water,,False
818,Inteleon,530,70,85,65,125,65,120,False,8.0,Water,,False
819,Skwovet,275,70,55,55,35,35,25,False,8.0,Normal,,False
820,Greedent,460,120,95,95,55,75,20,False,8.0,Normal,,False
821,Rookidee,245,38,47,35,33,35,57,False,8.0,Flying,,False
822,Corvisquire,365,68,67,55,43,55,77,False,8.0,Flying,,False
823,Corviknight,495,98,87,105,53,85,67,False,8.0,Flying,Steel,False
824,Blipbug,180,25,20,20,25,45,45,False,8.0,Bug,,False
825,Dottler,335,50,35,80,50,90,30,False,8.0,Bug,Psychic,False
826,Orbeetle,505,60,45,110,80,120,90,False,8.0,Bug,Psychic,False
827,Nickit,245,40,28,28,47,52,50,False,8.0,Dark,,False
828,Thievul,455,70,58,58,87,92,90,False,8.0,Dark,,False
829,Gossifleur,250,40,40,60,40,60,10,False,8.0,Grass,,False
830,Eldegoss,460,60,50,90,80,120,60,False,8.0,Grass,,False
831,Wooloo,270,42,40,55,40,45,48,False,8.0,Normal,,False
832,Dubwool,490,72,80,100,60,90,88,False,8.0,Normal,,False
833,Chewtle,284,50,64,50,38,38,44,False,8.0,Water,,False
834,Drednaw,485,90,115,90,48,68,74,False,8.0,Water,Rock,False
835,Yamper,270,59,45,50,40,50,26,False,8.0,Electric,,False
836,Boltund,490,69,90,60,90,60,121,False,8.0,Electric,,False
837,Rolycoly,240,30,40,50,40,50,30,False,8.0,Rock,,False
838,Carkol,410,80,60,90,60,70,50,False,8.0,Rock,Fire,False
839,Coalossal,510,110,80,120,80,90,30,False,8.0,Rock,Fire,False
840,Applin,260,40,40,80,40,40,20,False,8.0,Grass,Dragon,False
841,Flapple,485,70,110,80,95,60,70,False,8.0,Grass,Dragon,False
842,Appletun,485,110,85,80,100,80,30,False,8.0,Grass,Dragon,False
843,Silicobra,315,52,57,75,35,50,46,False,8.0,Ground,,False
844,Sandaconda,510,72,107,125,65,70,71,False,8.0,Ground,,False
845,Cramorant,475,70,85,55,85,95,85,False,8.0,Flying,Water,False
846,Arrokuda,280,41,63,40,40,30,66,False,8.0,Water,,False
847,Barraskewda,490,61,123,60,60,50,136,False,8.0,Water,,False
848,Toxel,242,40,38,35,54,35,40,False,8.0,Electric,Poison,False
849,Toxtricity Amped Form,502,75,98,70,114,70,75,False,8.0,Electric,Poison,False
849,Toxtricity Low Key Form,502,75,98,70,114,70,75,False,8.0,Electric,Poison,False
850,Sizzlipede,305,50,65,45,50,50,45,False,8.0,Fire,Bug,False
851,Centiskorch,525,100,115,65,90,90,65,False,8.0,Fire,Bug,False
852,Clobbopus,310,50,68,60,50,50,32,False,8.0,Fighting,,False
853,Grapploct,480,80,118,90,70,80,42,False,8.0,Fighting,,False
854,Sinistea,308,40,45,45,74,54,50,False,8.0,Ghost,,False
855,Polteageist,508,60,65,65,134,114,70,False,8.0,Ghost,,False
856,Hatenna,265,42,30,45,56,53,39,False,8.0,Psychic,,False
857,Hattrem,370,57,40,65,86,73,49,False,8.0,Psychic,,False
858,Hatterene,510,57,90,95,136,103,29,False,8.0,Psychic,Fairy,False
859,Impidimp,265,45,45,30,55,40,50,False,8.0,Dark,Fairy,False
860,Morgrem,370,65,60,45,75,55,70,False,8.0,Dark,Fairy,False
861,Grimmsnarl,510,95,120,65,95,75,60,False,8.0,Dark,Fairy,False
862,Obstagoon,520,93,90,101,60,81,95,False,8.0,Dark,Normal,False
863,Perrserker,440,70,110,100,50,60,50,False,8.0,Steel,,False
864,Cursola,510,60,95,50,145,130,30,False,8.0,Ghost,,False
865,Sirfetch'd,507,62,135,95,68,82,65,False,8.0,Fighting,,False
866,Mr. Rime,520,80,85,75,110,100,70,False,8.0,Ice,Psychic,False
867,Runerigus,483,58,95,145,50,105,30,False,8.0,Ground,Ghost,False
868,Milcery,270,45,40,40,50,61,34,False,8.0,Fairy,,False
869,Alcremie,495,65,60,75,110,121,64,False,8.0,Fairy,,False
870,Falinks,470,65,100,100,70,60,75,False,8.0,Fighting,,False
871,Pincurchin,435,48,101,95,91,85,15,False,8.0,Electric,,False
872,Snom,185,30,25,35,45,30,20,False,8.0,Ice,Bug,False
873,Frosmoth,475,70,65,60,125,90,65,False,8.0,Ice,Bug,False
874,Stonjourner,470,100,125,135,20,20,70,False,8.0,Rock,,False
875,Eiscue Ice Face,470,75,80,110,65,90,50,False,8.0,Ice,,False
875,Eiscue Noice Face,470,75,80,70,65,50,130,False,8.0,Ice,,False
876,Indeedee Male,475,60,65,55,105,95,95,False,8.0,Psychic,Normal,False
876,Indeedee Female,475,70,55,65,95,105,85,False,8.0,Psychic,Normal,False
877,Morpeko Full Belly Mode,436,58,95,58,70,58,97,False,8.0,Electric,Dark,False
877,Morpeko Hangry Mode,436,58,95,58,70,58,97,False,8.0,Electric,Dark,False
878,Cufant,330,72,80,49,40,49,40,False,8.0,Steel,,False
879,Copperajah,500,122,130,69,80,69,30,False,8.0,Steel,,False
880,Dracozolt,505,90,100,90,80,70,75,False,8.0,Electric,Dragon,False
881,Arctozolt,505,90,100,90,90,80,55,False,8.0,Electric,Ice,False
882,Dracovish,505,90,90,100,70,80,75,False,8.0,Water,Dragon,False
883,Arctovish,505,90,90,100,80,90,55,False,8.0,Water,Ice,False
884,Duraludon,535,70,95,115,120,50,85,False,8.0,Steel,Dragon,False
885,Dreepy,270,28,60,30,40,30,82,False,8.0,Dragon,Ghost,False
886,Drakloak,410,68,80,50,60,50,102,False,8.0,Dragon,Ghost,False
887,Dragapult,600,88,120,75,100,75,142,False,8.0,Dragon,Ghost,False
888,Zacian Hero of Many Battles,660,92,120,115,80,115,138,True,8.0,Fairy,,False
888,Zacian Crowned Sword,700,92,150,115,80,115,148,True,8.0,Fairy,Steel,False
889,Zamazenta Hero of Many Battles,660,92,120,115,80,115,138,True,8.0,Fighting,,False
889,Zamazenta Crowned Shield,700,92,120,140,80,140,128,True,8.0,Fighting,Steel,False
890,Eternatus,690,140,85,95,145,95,130,True,8.0,Poison,Dragon,False
890,Eternatus Eternamax,1125,255,115,250,125,250,130,True,8.0,Poison,Dragon,False
891,Kubfu,385,60,90,60,53,50,72,True,8.0,Fighting,,False
892,Urshifu Single Strike Style,550,100,130,100,63,60,97,True,8.0,Fighting,Dark,False
892,Urshifu Rapid Strike Style,550,100,130,100,63,60,97,True,8.0,Fighting,Water,False
893,Zarude,600,105,120,105,70,95,105,True,8.0,Dark,Grass,False
894,Regieleki,580,80,100,50,100,50,200,True,8.0,Electric,,False
895,Regidrago,580,200,100,50,100,50,80,True,8.0,Dragon,,False
896,Glastrier,580,100,145,130,65,110,30,True,8.0,Ice,,False
897,Spectrier,580,100,65,60,145,80,130,True,8.0,Ghost,,False
898,Calyrex,500,100,80,80,80,80,80,True,8.0,Psychic,Grass,False
898,Calyrex Ice Rider,680,100,165,150,85,130,50,True,8.0,Psychic,Ice,False
898,Calyrex Shadow Rider,680,100,85,80,165,100,150,True,8.0,Psychic,Ghost,False
899,Wyrdeer,525,103,105,72,105,75,65,False,8.0,Normal,Psychic,False
900,Kleavor,500,70,135,95,45,70,85,False,8.0,Bug,Rock,False
901,Ursaluna,550,130,140,105,45,80,50,False,8.0,Ground,Normal,False
901,Ursaluna Bloodmoon,555,113,70,120,135,65,52,False,8.0,Ground,Normal,False
902,Basculegion Male,530,120,112,65,80,75,78,False,8.0,Water,Ghost,False
902,Basculegion Female,530,120,92,65,100,75,78,False,8.0,Water,Ghost,False
903,Sneasler,510,80,130,60,40,80,120,False,8.0,Fighting,Poison,False
904,Overqwil,510,85,115,95,65,65,85,False,8.0,Dark,Poison,False
905,Enamorus Incarnate Forme,580,74,115,70,135,80,106,True,8.0,Fairy,Flying,False
905,Enamorus Therian Forme,580,74,115,110,135,100,46,True,8.0,Fairy,Flying,False
906,Sprigatito,310,40,61,54,45,45,65,False,8.0,Grass,,False
907,Floragato,410,61,80,63,60,63,83,False,9.0,Grass,,False
908,Meowscarada,530,76,110,70,81,70,123,False,9.0,Grass,Dark,False
909,Fuecoco,310,67,45,59,63,40,36,False,9.0,Fire,,False
910,Crocalor,411,81,55,78,90,58,49,False,9.0,Fire,,False
911,Skeledirge,530,104,75,100,110,75,66,False,9.0,Fire,Ghost,False
912,Quaxly,310,55,65,45,50,45,50,False,9.0,Water,,False
913,Quaxwell,410,70,85,65,65,60,65,False,9.0,Water,,False
914,Quaquaval,530,85,120,80,85,75,85,False,9.0,Water,Fighting,False
915,Lechonk,254,54,45,40,35,45,35,False,9.0,Normal,,False
916,Oinkologne Male,489,110,100,75,59,80,65,False,9.0,Normal,,False
916,Oinkologne Female,489,115,90,70,59,90,65,False,9.0,Normal,,False
917,Tarountula,210,35,41,45,29,40,20,False,9.0,Bug,,False
918,Spidops,404,60,79,92,52,86,35,False,9.0,Bug,,False
919,Nymble,210,33,46,40,21,25,45,False,9.0,Bug,,False
920,Lokix,450,71,102,78,52,55,92,False,9.0,Bug,Dark,False
921,Pawmi,240,45,50,20,40,25,60,False,9.0,Electric,,False
922,Pawmo,350,60,75,40,50,40,85,False,9.0,Electric,Fighting,False
923,Pawmot,490,70,115,70,70,60,105,False,9.0,Electric,Fighting,False
924,Tandemaus,305,50,50,45,40,45,75,False,9.0,Normal,,False
925,Maushold Family of Four,470,74,75,70,65,75,111,False,9.0,Normal,,False
925,Maushold Family of Three,470,74,75,70,65,75,111,False,9.0,Normal,,False
926,Fidough,312,37,55,70,30,55,65,False,9.0,Fairy,,False
927,Dachsbun,477,57,80,115,50,80,95,False,9.0,Fairy,,False
928,Smoliv,260,41,35,45,58,51,30,False,9.0,Grass,Normal,False
929,Dolliv,354,52,53,60,78,78,33,False,9.0,Grass,Normal,False
930,Arboliva,510,78,69,90,125,109,39,False,9.0,Grass,Normal,False
931,Squawkabilly Green Plumage,417,82,96,51,45,51,92,False,9.0,Normal,Flying,False
931,Squawkabilly Blue Plumage,417,82,96,51,45,51,92,False,9.0,Normal,Flying,False
931,Squawkabilly Yellow Plumage,417,82,96,51,45,51,92,False,9.0,Normal,Flying,False
931,Squawkabilly White Plumage,417,82,96,51,45,51,92,False,9.0,Normal,Flying,False
932,Nacli,280,55,55,75,35,35,25,False,9.0,Rock,,False
933,Naclstack,355,60,60,100,35,65,35,False,9.0,Rock,,False
934,Garganacl,500,100,100,130,45,90,35,False,9.0,Rock,,False
935,Charcadet,255,40,50,40,50,40,35,False,9.0,Fire,,False
936,Armarouge,525,85,60,100,125,80,75,False,9.0,Fire,Psychic,False
937,Ceruledge,525,75,125,80,60,100,85,False,9.0,Fire,Ghost,False
938,Tadbulb,272,61,31,41,59,35,45,False,9.0,Electric,,False
939,Bellibolt,495,109,64,91,103,83,45,False,9.0,Electric,,False
940,Wattrel,280,40,40,35,55,40,70,False,9.0,Electric,Flying,False
941,Kilowattrel,490,70,70,60,105,60,125,False,9.0,Electric,Flying,False
942,Maschiff,340,60,78,60,40,51,51,False,9.0,Dark,,False
943,Mabosstiff,505,80,120,90,60,70,85,False,9.0,Dark,,False
944,Shroodle,290,40,65,35,40,35,75,False,9.0,Poison,Normal,False
945,Grafaiai,485,63,95,65,80,72,110,False,9.0,Poison,Normal,False
946,Bramblin,275,40,65,30,45,35,60,False,9.0,Grass,Ghost,False
947,Brambleghast,480,55,115,70,80,70,90,False,9.0,Grass,Ghost,False
948,Toedscool,335,40,40,35,50,100,70,False,9.0,Ground,Grass,False
949,Toedscruel,515,80,70,65,80,120,100,False,9.0,Ground,Grass,False
950,Klawf,450,70,100,115,35,55,75,False,9.0,Rock,,False
951,Capsakid,304,50,62,40,62,40,50,False,9.0,Grass,,False
952,Scovillain,486,65,108,65,108,65,75,False,9.0,Grass,Fire,False
953,Rellor,270,41,50,60,31,58,30,False,9.0,Bug,,False
954,Rabsca,470,75,50,85,115,100,45,False,9.0,Bug,Psychic,False
955,Flittle,255,30,35,30,55,30,75,False,9.0,Psychic,,False
956,Espathra,481,95,60,60,101,60,105,False,9.0,Psychic,,False
957,Tinkatink,297,50,45,45,35,64,58,False,9.0,Fairy,Steel,False
958,Tinkatuff,380,65,55,55,45,82,78,False,9.0,Fairy,Steel,False
959,Tinkaton,506,85,75,77,70,105,94,False,9.0,Fairy,Steel,False
960,Wiglett,245,10,55,25,35,25,95,False,9.0,Water,,False
961,Wugtrio,425,35,100,50,50,70,120,False,9.0,Water,,False
962,Bombirdier,485,70,103,85,60,85,82,False,9.0,Flying,Dark,False
963,Finizen,315,70,45,40,45,40,75,False,9.0,Water,,False
964,Palafin Zero Form,457,100,70,72,53,62,100,False,9.0,Water,,False
964,Palafin Hero Form,650,100,160,97,106,87,100,False,9.0,Water,,False
965,Varoom,300,45,70,63,30,45,47,False,9.0,Steel,Poison,False
966,Revavroom,500,80,119,90,54,67,90,False,9.0,Steel,Poison,False
967,Cyclizar,501,70,95,65,85,65,121,False,9.0,Dragon,Normal,False
968,Orthworm,480,70,85,145,60,55,65,False,9.0,Steel,,False
969,Glimmet,350,48,35,42,105,60,60,False,9.0,Rock,Poison,False
970,Glimmora,525,83,55,90,130,81,86,False,9.0,Rock,Poison,False
971,Greavard,290,50,61,60,30,55,34,False,9.0,Ghost,,False
972,Houndstone,488,72,101,100,50,97,68,False,9.0,Ghost,,False
973,Flamigo,500,82,115,74,75,64,90,False,9.0,Flying,Fighting,False
974,Cetoddle,334,108,68,45,30,40,43,False,9.0,Ice,,False
975,Cetitan,521,170,113,65,45,55,73,False,9.0,Ice,,False
976,Veluza,478,90,102,73,78,65,70,False,9.0,Water,Psychic,False
977,Dondozo,530,150,100,115,65,65,35,False,9.0,Water,,False
978,Tatsugiri Curly Form,475,68,50,60,120,95,82,False,9.0,Dragon,Water,False
978,Tatsugiri Droopy Form,475,68,50,60,120,95,82,False,9.0,Dragon,Water,False
978,Tatsugiri Stretchy Form,475,68,50,60,120,95,82,False,9.0,Dragon,Water,False
979,Annihilape,535,110,115,80,50,90,90,False,9.0,Fighting,Ghost,False
980,Clodsire,430,130,75,60,45,100,20,False,9.0,Poison,Ground,False
981,Farigiraf,520,120,90,70,110,70,60,False,9.0,Normal,Psychic,False
982,Dudunsparce Two-Segment Form,520,125,100,80,85,75,55,False,9.0,Normal,,False
982,Dudunsparce Three-Segment Form,520,125,100,80,85,75,55,False,9.0,Normal,,False
983,Kingambit,550,100,135,120,60,85,50,False,9.0,Dark,Steel,False
984,Great Tusk,570,115,131,131,53,53,87,False,9.0,Ground,Fighting,False
985,Scream Tail,570,115,65,99,65,115,111,False,9.0,Fairy,Psychic,False
986,Brute Bonnet,570,111,127,99,79,99,55,False,9.0,Grass,Dark,False
987,Flutter Mane,570,55,55,55,135,135,135,False,9.0,Ghost,Fairy,False
988,Slither Wing,570,85,135,79,85,105,81,False,9.0,Bug,Fighting,False
989,Sandy Shocks,570,85,81,97,121,85,101,False,9.0,Electric,Ground,False
990,Iron Treads,570,90,112,120,72,70,106,False,9.0,Ground,Steel,False
991,Iron Bundle,570,56,80,114,124,60,136,False,9.0,Ice,Water,False
992,Iron Hands,570,154,140,108,50,68,50,False,9.0,Fighting,Electric,False
993,Iron Jugulis,570,94,80,86,122,80,108,False,9.0,Dark,Flying,False
994,Iron Moth,570,80,70,60,140,110,110,False,9.0,Fire,Poison,False
995,Iron Thorns,570,100,134,110,70,84,72,False,9.0,Rock,Electric,False
996,Frigibax,320,65,75,45,35,45,55,False,9.0,Dragon,Ice,False
997,Arctibax,423,90,95,66,45,65,62,False,9.0,Dragon,Ice,False
998,Baxcalibur,600,115,145,92,75,86,87,False,9.0,Dragon,Ice,False
999,Gimmighoul Chest Form,300,45,30,70,75,70,10,False,9.0,Ghost,,False
999,Gimmighoul Roaming Form,300,45,30,25,75,45,80,False,9.0,Ghost,,False
1000,Gholdengo,550,87,60,95,133,91,84,False,9.0,Steel,Ghost,False
1001,Wo-Chien,570,85,85,100,95,135,70,True,9.0,Dark,Grass,False
1002,Chien-Pao,570,80,120,80,90,65,135,True,9.0,Dark,Ice,False
1003,Ting-Lu,570,155,110,125,55,80,45,True,9.0,Dark,Ground,False
1004,Chi-Yu,570,55,80,80,135,120,100,True,9.0,Dark,Fire,False
1005,Roaring Moon,590,105,139,71,55,101,119,False,9.0,Dragon,Dark,False
1006,Iron Valiant,590,74,130,90,120,60,116,False,9.0,Fairy,Fighting,False
1007,Koraidon,670,100,135,115,85,100,135,True,9.0,Fighting,Dragon,False
1008,Miraidon,670,100,85,100,135,115,135,True,9.0,Electric,Dragon,False
1009,Walking Wake,590,99,83,91,125,83,109,True,9.0,Water,Dragon,False
1010,Iron Leaves,590,90,130,88,70,108,104,True,9.0,Grass,Psychic,False